"﻿""Name""",Team,G,PA,AB,H,2B,3B,HR,R,RBI,BB,SO,HBP,SB,CS,-1,AVG,OBP,SLG,OPS,wOBA,-1,wRC+,BsR,Fld,-1,Off,Def,WAR,playerid,game_hits,game_ab,game_pa,opposing_pitcher,opposing_team,stadium,"﻿""Name""",Team,W,L,ERA,GS,G,SV,IP,H,ER,HR,SO,BB,WHIP,K/9,BB/9,FIP,WAR,RA9-WAR,playerid
Mike Trout,Angels,125,550,452,137,27,4,28,87,86,86,116,7,17,7,,.304,.419,.570,.989,.414,,168,3.3,0.5,,48.5,1.7,7.1,10155,1,3,3,Kendall Graveman,Athletics,Angels,Kendall Graveman,Athletics,8,9,4.44,24,24,0,143.0,159,71,17,98,43,1.41,6.16,2.68,4.28,1.4,1.0,15514
Bryce Harper,Nationals,122,529,426,126,25,1,27,82,82,95,96,3,12,7,,.295,.424,.552,.975,.407,,155,0.7,4.0,,36.5,-1.4,5.3,11579,1,5,6,Antonio Senzatela,Rockies,Rockies,Antonio Senzatela,Rockies,6,7,4.84,17,30,0,111.0,121,60,17,88,36,1.41,7.13,2.91,4.63,1.1,1.3,15488
Paul Goldschmidt,Diamondbacks,125,545,448,129,29,2,22,77,73,88,120,4,16,7,,.288,.407,.505,.912,.385,,136,1.0,3.6,,25.0,-5.3,3.8,9218,1,3,4,Jered Weaver,Padres,D-backs,Jered Weaver,Padres,5,9,5.02,21,21,0,123.0,134,69,22,84,36,1.38,6.15,2.63,5.05,0.5,0.0,4235
Giancarlo Stanton,Marlins,108,462,397,107,20,1,31,67,80,58,129,3,2,1,,.269,.364,.556,.920,.384,,141,0.0,1.0,,23.3,-4.2,3.5,4949,1,4,4,Jeremy Hellickson,Phillies,Phillies,Jeremy Hellickson,Phillies,8,10,4.53,26,26,0,152.0,158,76,24,121,41,1.32,7.17,2.46,4.54,1.6,1.1,4371
Freddie Freeman,Braves,130,567,476,133,28,3,24,76,78,79,127,7,5,3,,.280,.387,.506,.893,.376,,135,0.0,3.2,,24.5,-6.7,3.7,5361,1,4,5,Matt Harvey,Mets,Mets,Matt Harvey,Mets,8,8,3.89,23,23,0,135.0,134,59,16,120,34,1.24,7.96,2.24,3.79,2.4,1.6,11713
Mookie Betts,Red Sox,127,560,504,155,33,3,21,82,80,47,61,3,18,8,,.308,.367,.508,.875,.372,,130,3.0,9.6,,23.5,3.8,4.7,13611,0,3,3,Masahiro Tanaka,Yankees,Red Sox,Masahiro Tanaka,Yankees,11,9,3.91,28,28,0,178.0,178,77,24,156,41,1.23,7.87,2.06,3.92,3.3,2.8,15764
Nolan Arenado,Rockies,128,552,499,144,31,4,29,78,90,44,85,4,3,2,,.289,.349,.541,.889,.371,,115,-0.6,7.8,,9.3,9.7,3.7,9777,1,5,5,Gio Gonzalez,Nationals,Rockies,Gio Gonzalez,Nationals,10,8,3.80,25,25,0,146.0,142,61,14,134,52,1.33,8.29,3.21,3.76,2.4,2.4,7448
Carlos Santana,Indians,129,574,473,120,26,2,22,83,69,91,96,3,5,3,,.254,.375,.457,.832,.360,,126,-1.2,0.5,,16.4,-9.6,2.7,2396,0,4,4,Mike Fiers,Astros,Indians,Mike Fiers,Astros,9,9,4.48,27,27,0,155.0,158,77,24,130,46,1.31,7.50,2.66,4.52,1.5,1.2,7754
Buster Posey,Giants,110,471,418,126,24,1,14,56,62,47,53,3,2,1,,.301,.372,.465,.837,.358,,128,-2.0,6.0,,14.1,9.0,3.9,9166,0,2,4,Julio Urias,Dodgers,Giants,Julio Urias,Dodgers,7,5,3.31,17,17,0,91.0,77,33,9,100,36,1.24,9.89,3.53,3.56,1.8,2.0,14765
Yasiel Puig,Dodgers,110,453,401,114,22,2,17,56,61,42,87,5,7,5,,.283,.356,.480,.836,.358,,127,-0.4,0.5,,14.8,-4.5,2.5,14225,0,5,5,Matt Moore,Giants,Giants,Matt Moore,Giants,9,9,3.77,27,27,0,154.0,143,65,17,143,55,1.28,8.38,3.23,3.86,2.0,2.1,1890
Daniel Murphy,Nationals,116,497,457,143,32,3,13,63,67,31,51,4,4,2,,.313,.360,.480,.840,.355,,120,0.7,-7.7,,13.0,-6.0,2.3,4316,3,6,6,Antonio Senzatela,Rockies,Rockies,Antonio Senzatela,Rockies,6,7,4.84,17,30,0,111.0,121,60,17,88,36,1.41,7.13,2.91,4.63,1.1,1.3,15488
Christian Yelich,Marlins,126,554,485,141,29,2,15,70,65,60,110,3,10,5,,.292,.370,.454,.824,.355,,122,1.1,-3.5,,16.0,-1.5,3.3,11477,2,4,4,Jeremy Hellickson,Phillies,Phillies,Jeremy Hellickson,Phillies,8,10,4.53,26,26,0,152.0,158,76,24,121,41,1.32,7.17,2.46,4.54,1.6,1.1,4371
Hanley Ramirez,Red Sox,112,472,419,117,24,1,20,62,70,43,88,5,6,3,,.280,.351,.481,.832,.354,,118,-1.2,-0.5,,9.0,-12.6,1.3,8001,2,3,3,Masahiro Tanaka,Yankees,Red Sox,Masahiro Tanaka,Yankees,11,9,3.91,28,28,0,178.0,178,77,24,156,41,1.23,7.87,2.06,3.92,3.3,2.8,15764
Matt Carpenter,Cardinals,126,558,470,125,30,3,16,74,60,76,117,6,4,3,,.267,.373,.444,.817,.353,,121,0.4,1.0,,14.8,-7.7,2.5,8090,2,5,6,Mat Latos,Blue Jays,Cardinals,Mat Latos,Blue Jays,2,2,5.02,6,6,0,32.0,34,18,5,23,12,1.45,6.38,3.33,4.90,0.2,0.1,3815
Nelson Cruz,Mariners,123,523,465,123,21,1,28,69,83,48,130,5,2,1,,.264,.338,.495,.833,.353,,126,-2.5,-0.3,,13.6,-13.5,1.8,2434,1,4,4,Justin Verlander,Tigers,Tigers,Justin Verlander,Tigers,12,9,3.65,28,28,0,180.0,160,73,22,188,54,1.18,9.41,2.69,3.65,3.7,3.5,8700
Jose Bautista,Blue Jays,111,483,399,94,19,1,22,65,65,75,99,4,3,2,,.237,.361,.456,.817,.353,,120,-1.2,-3.1,,10.5,-8.7,1.9,1887,2,3,5,Carlos Martinez,Cardinals,Cardinals,Adam Wainwright,Cardinals,9,8,3.83,24,24,0,146.0,148,62,15,123,40,1.29,7.58,2.47,3.73,2.5,2.1,2233
Charlie Blackmon,Rockies,125,567,510,147,26,6,19,82,62,39,95,9,20,9,,.289,.347,.475,.823,.351,,101,1.2,-9.1,,1.9,-7.2,1.3,7859,3,5,5,Gio Gonzalez,Nationals,Rockies,Gio Gonzalez,Nationals,10,8,3.80,25,25,0,146.0,142,61,14,134,52,1.33,8.29,3.21,3.76,2.4,2.4,7448
Edwin Encarnacion,Indians,119,509,436,108,21,0,25,68,77,64,104,5,2,1,,.247,.347,.471,.819,.350,,119,-1.0,-0.4,,10.5,-11.9,1.6,2151,1,3,4,Mike Fiers,Astros,Indians,Mike Fiers,Astros,9,9,4.48,27,27,0,155.0,158,77,24,130,46,1.31,7.50,2.66,4.52,1.5,1.2,7754
Corey Seager,Dodgers,126,557,502,144,31,3,20,75,68,44,103,4,4,2,,.286,.346,.476,.823,.350,,122,1.0,2.8,,16.4,8.1,4.3,13624,1,3,5,Matt Moore,Giants,Giants,Matt Moore,Giants,9,9,3.77,27,27,0,154.0,143,65,17,143,55,1.28,8.38,3.23,3.86,2.0,2.1,1890
Matt Holliday,Yankees,101,429,370,98,19,1,17,54,58,48,83,7,1,1,,.264,.356,.454,.810,.350,,119,-1.6,-0.4,,8.2,-9.4,1.4,1873,2,3,4,Chris Sale,Red Sox,Red Sox,Chris Sale,Red Sox,14,8,3.25,28,28,0,189.0,163,68,21,214,42,1.08,10.21,1.98,3.14,4.8,5.1,10603
Trea Turner,Nationals,124,542,497,150,27,7,14,75,59,34,106,2,34,13,,.302,.348,.465,.813,.348,,115,1.6,-2.0,,11.8,2.7,3.2,16252,3,6,6,Antonio Senzatela,Rockies,Rockies,Antonio Senzatela,Rockies,6,7,4.84,17,30,0,111.0,121,60,17,88,36,1.41,7.13,2.91,4.63,1.1,1.3,15488
Brandon Belt,Giants,120,512,435,113,26,4,15,62,59,68,127,4,4,2,,.260,.362,.443,.805,.348,,121,-0.3,5.6,,12.7,-2.8,2.7,10264,1,4,5,Julio Urias,Dodgers,Giants,Julio Urias,Dodgers,7,5,3.31,17,17,0,91.0,77,33,9,100,36,1.24,9.89,3.53,3.56,1.8,2.0,14765
Justin Upton,Tigers,127,528,463,120,24,2,24,68,74,55,140,4,9,5,,.259,.341,.473,.814,.347,,117,0.7,-3.8,,11.4,-9.1,2.1,5222,0,4,4,Hisashi Iwakuma,Mariners,Tigers,Hisashi Iwakuma,Mariners,8,10,4.52,25,25,0,153.0,167,77,23,105,37,1.34,6.18,2.20,4.55,1.4,1.0,13048
Mark Reynolds,Rockies,45,183,160,42,8,0,8,22,25,19,47,1,1,1,,.262,.342,.464,.806,.346,,97,-0.5,-0.7,,-1.1,-3.9,0.1,7619,0,4,4,Gio Gonzalez,Nationals,Rockies,Gio Gonzalez,Nationals,10,8,3.80,25,25,0,146.0,142,61,14,134,52,1.33,8.29,3.21,3.76,2.4,2.4,7448
Michael Brantley,Indians,94,400,356,103,23,1,11,50,51,37,49,3,8,4,,.290,.359,.447,.806,.345,,115,0.4,-1.9,,7.8,-6.0,1.6,4106,0,4,4,Mike Fiers,Astros,Indians,Mike Fiers,Astros,9,9,4.48,27,27,0,155.0,158,77,24,130,46,1.31,7.50,2.66,4.52,1.5,1.2,7754
Carlos Correa,Astros,127,546,478,129,27,2,18,69,72,59,105,4,10,5,,.270,.353,.451,.804,.345,,119,0.7,-2.1,,13.0,3.9,3.6,14162,1,4,5,Corey Kluber,Indians,Indians,Corey Kluber,Indians,13,8,3.55,28,28,0,186.0,169,73,21,191,48,1.17,9.28,2.35,3.47,3.9,3.9,2429
Justin Turner,Dodgers,116,498,446,125,28,1,15,60,63,39,84,9,3,2,,.281,.348,.451,.799,.344,,118,-0.7,4.3,,10.5,5.9,3.3,5235,1,4,5,Matt Moore,Giants,Giants,Matt Moore,Giants,9,9,3.77,27,27,0,154.0,143,65,17,143,55,1.28,8.38,3.23,3.86,2.0,2.1,1890
Aaron Judge,Yankees,93,367,323,82,13,1,18,47,52,36,104,3,3,2,,.253,.331,.472,.803,.342,,114,0.0,1.5,,6.3,-2.5,1.7,15640,0,3,4,Chris Sale,Red Sox,Red Sox,Chris Sale,Red Sox,14,8,3.25,28,28,0,189.0,163,68,21,214,42,1.08,10.21,1.98,3.14,4.8,5.1,10603
Robinson Cano,Mariners,126,548,497,142,27,1,20,67,76,42,79,4,2,1,,.285,.343,.464,.807,.342,,119,-2.0,-0.6,,10.2,1.3,3.1,3269,0,4,4,Justin Verlander,Tigers,Tigers,Justin Verlander,Tigers,12,9,3.65,28,28,0,180.0,160,73,22,188,54,1.18,9.41,2.69,3.65,3.7,3.5,8700
Marcell Ozuna,Marlins,123,511,466,129,24,3,20,60,72,37,110,3,2,1,,.277,.331,.471,.803,.341,,113,0.2,5.5,,8.3,-0.7,2.4,10324,0,4,4,Jeremy Hellickson,Phillies,Phillies,Jeremy Hellickson,Phillies,8,10,4.53,26,26,0,152.0,158,76,24,121,41,1.32,7.17,2.46,4.54,1.6,1.1,4371
Francisco Lindor,Indians,128,564,506,147,27,3,14,73,68,48,79,3,13,8,,.290,.352,.441,.793,.341,,112,-1.0,13.8,,7.4,19.6,4.7,12916,1,4,4,Mike Fiers,Astros,Indians,Mike Fiers,Astros,9,9,4.48,27,27,0,155.0,158,77,24,130,46,1.31,7.50,2.66,4.52,1.5,1.2,7754
DJ LeMahieu,Rockies,124,545,487,147,24,5,7,69,50,48,82,3,10,6,,.303,.366,.419,.785,.341,,94,-0.4,2.1,,-4.2,3.9,1.7,9874,0,3,4,Gio Gonzalez,Nationals,Rockies,Gio Gonzalez,Nationals,10,8,3.80,25,25,0,146.0,142,61,14,134,52,1.33,8.29,3.21,3.76,2.4,2.4,7448
Xander Bogaerts,Red Sox,127,548,495,145,28,1,13,68,66,42,86,4,8,5,,.293,.351,.436,.788,.341,,109,1.2,-1.2,,7.1,4.4,3.1,12161,1,3,3,Masahiro Tanaka,Yankees,Red Sox,Masahiro Tanaka,Yankees,11,9,3.91,28,28,0,178.0,178,77,24,156,41,1.23,7.87,2.06,3.92,3.3,2.8,15764
A.J. Pollock,Diamondbacks,113,506,456,129,28,3,13,67,51,40,78,3,24,10,,.284,.343,.447,.790,.340,,106,0.7,4.1,,4.3,5.7,2.7,9256,1,4,4,Jered Weaver,Padres,D-backs,Jered Weaver,Padres,5,9,5.02,21,21,0,123.0,134,69,22,84,36,1.38,6.15,2.63,5.05,0.5,0.0,4235
Khris Davis,Athletics,123,518,464,115,22,2,28,66,79,44,138,5,3,2,,.247,.318,.483,.801,.340,,117,-0.9,-4.2,,9.5,-10.2,1.7,9112,0,3,4,Ricky Nolasco,Angels,Angels,Ricky Nolasco,Angels,9,9,4.19,25,25,0,150.0,155,70,20,115,37,1.28,6.87,2.21,4.21,1.6,1.6,3830
Michael Conforto,Mets,77,315,279,73,15,1,13,37,40,29,65,3,2,1,,.261,.335,.460,.795,.339,,114,0.4,3.0,,6.0,2.3,1.9,16376,0,3,4,R.A. Dickey,Braves,Mets,R.A. Dickey,Braves,8,9,4.24,24,24,0,145.0,146,68,18,119,51,1.36,7.38,3.15,4.32,1.6,1.5,1245
Kyle Seager,Mariners,126,525,460,121,24,2,19,64,68,54,88,5,3,2,,.263,.344,.450,.794,.338,,116,-0.9,1.4,,8.9,3.2,3.1,9785,2,4,4,Justin Verlander,Tigers,Tigers,Justin Verlander,Tigers,12,9,3.65,28,28,0,180.0,160,73,22,188,54,1.18,9.41,2.69,3.65,3.7,3.5,8700
Maikel Franco,Phillies,123,530,485,131,25,1,23,63,75,37,83,4,2,1,,.271,.325,.474,.798,.338,,110,0.0,-1.9,,6.5,0.0,2.4,12179,2,3,4,Edinson Volquez,Marlins,Phillies,Edinson Volquez,Marlins,9,9,4.11,26,26,0,152.0,152,69,14,127,60,1.40,7.54,3.55,4.01,1.9,1.6,3990
Jose Ramirez,Indians,122,503,454,131,29,2,11,61,60,41,51,3,16,9,,.289,.348,.435,.783,.338,,110,1.5,3.7,,7.6,5.6,3.1,13510,3,4,4,Mike Fiers,Astros,Indians,Mike Fiers,Astros,9,9,4.48,27,27,0,155.0,158,77,24,130,46,1.31,7.50,2.66,4.52,1.5,1.2,7754
Jackie Bradley Jr.,Red Sox,112,445,391,103,23,4,13,55,55,43,102,5,6,3,,.263,.342,.445,.787,.338,,107,0.4,6.2,,3.9,7.8,2.8,12984,0,3,3,Masahiro Tanaka,Yankees,Red Sox,Masahiro Tanaka,Yankees,11,9,3.91,28,28,0,178.0,178,77,24,156,41,1.23,7.87,2.06,3.92,3.3,2.8,15764
Andrew Benintendi,Red Sox,111,477,429,124,29,5,8,61,53,37,67,4,10,6,,.288,.348,.436,.783,.337,,106,0.0,-0.8,,3.6,-1.9,1.8,17901,0,4,4,Masahiro Tanaka,Yankees,Red Sox,Masahiro Tanaka,Yankees,11,9,3.91,28,28,0,178.0,178,77,24,156,41,1.23,7.87,2.06,3.92,3.3,2.8,15764
Kendrys Morales,Blue Jays,119,500,450,117,24,1,21,62,71,41,101,5,1,0,,.261,.328,.459,.787,.336,,109,-3.5,-0.2,,1.9,-12.4,0.7,8610,1,4,4,Adam Wainwright,Cardinals,Cardinals,Adam Wainwright,Cardinals,9,8,3.83,24,24,0,146.0,148,62,15,123,40,1.29,7.58,2.47,3.73,2.5,2.1,2233
Adam Lind,Nationals,50,201,179,49,10,0,7,24,27,19,37,1,1,0,,.274,.343,.448,.791,.336,,107,-0.8,-0.9,,1.0,-1.8,0.6,8027,2,6,6,Antonio Senzatela,Rockies,Rockies,Antonio Senzatela,Rockies,6,7,4.84,17,30,0,111.0,121,60,17,88,36,1.41,7.13,2.91,4.63,1.1,1.3,15488
Matt Kemp,Braves,123,525,481,130,28,1,22,61,74,36,126,3,3,2,,.270,.322,.468,.790,.335,,108,-1.0,-12.5,,4.0,-18.3,0.3,5631,0,4,5,Matt Harvey,Mets,Mets,Matt Harvey,Mets,8,8,3.89,23,23,0,135.0,134,59,16,120,34,1.24,7.96,2.24,3.79,2.4,1.6,11713
Adam Eaton,Nationals,125,565,500,143,26,5,8,74,49,49,95,8,13,6,,.286,.356,.408,.765,.334,,106,2.0,-4.8,,6.0,-4.2,2.0,11205,2,4,6,Antonio Senzatela,Rockies,Rockies,Antonio Senzatela,Rockies,6,7,4.84,17,30,0,111.0,121,60,17,88,36,1.41,7.13,2.91,4.63,1.1,1.3,15488
Aledmys Diaz,Cardinals,114,496,450,125,27,2,15,63,57,35,69,5,8,5,,.277,.333,.449,.782,.334,,108,-0.7,-6.6,,4.0,-2.0,1.8,15937,1,6,6,Mat Latos,Blue Jays,Cardinals,Mat Latos,Blue Jays,2,2,5.02,6,6,0,32.0,34,18,5,23,12,1.45,6.38,3.33,4.90,0.2,0.1,3815
David Peralta,Diamondbacks,108,462,420,115,22,6,13,54,54,33,95,4,7,4,,.274,.331,.446,.777,.332,,101,0.5,-1.4,,0.8,-6.3,0.9,2136,1,4,4,Jered Weaver,Padres,D-backs,Jered Weaver,Padres,5,9,5.02,21,21,0,123.0,134,69,22,84,36,1.38,6.15,2.63,5.05,0.5,0.0,4235
Trevor Story,Rockies,116,478,427,107,23,3,20,58,64,41,137,4,10,5,,.250,.320,.459,.780,.332,,88,0.5,-2.0,,-6.3,3.1,1.2,12564,0,3,4,Gio Gonzalez,Nationals,Rockies,Gio Gonzalez,Nationals,10,8,3.80,25,25,0,146.0,142,61,14,134,52,1.33,8.29,3.21,3.76,2.4,2.4,7448
Dustin Pedroia,Red Sox,115,518,460,132,26,1,9,67,51,48,60,2,5,3,,.286,.353,.408,.761,.332,,103,-1.4,7.0,,0.2,8.7,2.7,8370,0,4,4,Masahiro Tanaka,Yankees,Red Sox,Masahiro Tanaka,Yankees,11,9,3.91,28,28,0,178.0,178,77,24,156,41,1.23,7.87,2.06,3.92,3.3,2.8,15764
Josh Reddick,Astros,96,394,353,93,17,2,14,48,50,35,58,1,5,3,,.264,.331,.444,.775,.332,,110,0.9,2.3,,5.4,-1.0,1.8,3892,2,4,5,Corey Kluber,Indians,Indians,Corey Kluber,Indians,13,8,3.55,28,28,0,186.0,169,73,21,191,48,1.17,9.28,2.35,3.47,3.9,3.9,2429
Chris Carter,Yankees,65,269,231,51,9,1,15,34,38,31,86,3,1,1,,.219,.317,.455,.772,.331,,106,-0.7,-1.2,,1.3,-3.8,0.7,9911,0,4,4,Chris Sale,Red Sox,Red Sox,Chris Sale,Red Sox,14,8,3.25,28,28,0,189.0,163,68,21,214,42,1.08,10.21,1.98,3.14,4.8,5.1,10603
Dexter Fowler,Cardinals,121,550,464,117,22,5,11,71,46,71,124,6,12,6,,.252,.356,.392,.748,.330,,105,1.6,-7.9,,5.3,-6.2,1.7,4062,2,5,6,Mat Latos,Blue Jays,Cardinals,Mat Latos,Blue Jays,2,2,5.02,6,6,0,32.0,34,18,5,23,12,1.45,6.38,3.33,4.90,0.2,0.1,3815
Steve Pearce,Blue Jays,103,421,371,93,20,1,16,51,53,39,89,5,2,2,,.250,.327,.440,.768,.330,,104,-0.1,-0.9,,2.2,-5.4,1.1,9957,1,4,4,Adam Wainwright,Cardinals,Cardinals,Adam Wainwright,Cardinals,9,8,3.83,24,24,0,146.0,148,62,15,123,40,1.29,7.58,2.47,3.73,2.5,2.1,2233
Justin Bour,Marlins,117,475,421,109,20,1,18,54,62,47,95,2,1,1,,.258,.334,.442,.776,.329,,105,-1.9,-0.4,,0.9,-8.4,0.8,9744,0,4,4,Jeremy Hellickson,Phillies,Phillies,Jeremy Hellickson,Phillies,8,10,4.53,26,26,0,152.0,158,76,24,121,41,1.32,7.17,2.46,4.54,1.6,1.1,4371
Jake Lamb,Diamondbacks,118,499,440,110,22,5,17,58,62,50,130,3,5,3,,.251,.329,.441,.770,.329,,98,0.9,-3.8,,-0.1,-2.0,1.4,13329,1,4,4,Jered Weaver,Padres,D-backs,Jered Weaver,Padres,5,9,5.02,21,21,0,123.0,134,69,22,84,36,1.38,6.15,2.63,5.05,0.5,0.0,4235
Jayson Werth,Nationals,105,440,382,97,19,1,13,51,50,49,104,4,3,1,,.253,.343,.411,.753,.329,,102,0.3,-6.0,,1.6,-10.2,0.5,1327,2,3,5,Antonio Senzatela,Rockies,Rockies,Antonio Senzatela,Rockies,6,7,4.84,17,30,0,111.0,121,60,17,88,36,1.41,7.13,2.91,4.63,1.1,1.3,15488
Neil Walker,Mets,111,464,412,106,19,1,17,53,57,42,87,5,2,1,,.257,.331,.434,.764,.329,,107,0.0,-2.9,,4.1,-1.1,1.8,7539,3,4,4,R.A. Dickey,Braves,Mets,R.A. Dickey,Braves,8,9,4.24,24,24,0,145.0,146,68,18,119,51,1.36,7.38,3.15,4.32,1.6,1.5,1245
Victor Martinez,Tigers,120,505,455,125,22,1,16,59,66,41,75,5,1,0,,.274,.338,.431,.769,.328,,104,-4.9,0.0,,-2.4,-12.9,0.2,393,0,4,4,Hisashi Iwakuma,Mariners,Tigers,Hisashi Iwakuma,Mariners,8,10,4.52,25,25,0,153.0,167,77,23,105,37,1.34,6.18,2.20,4.55,1.4,1.0,13048
Stephen Piscotty,Cardinals,124,532,475,126,27,2,15,60,64,45,107,7,6,4,,.264,.334,.423,.757,.328,,104,-1.2,-0.3,,1.3,-5.4,1.3,13367,0,2,3,Mat Latos,Blue Jays,Cardinals,Mat Latos,Blue Jays,2,2,5.02,6,6,0,32.0,34,18,5,23,12,1.45,6.38,3.33,4.90,0.2,0.1,3815
Albert Pujols,Angels,112,479,435,113,20,0,21,58,70,37,63,3,2,1,,.261,.321,.454,.775,.328,,109,-3.6,0.0,,1.7,-11.9,0.6,1177,1,3,3,Kendall Graveman,Athletics,Angels,Kendall Graveman,Athletics,8,9,4.44,24,24,0,143.0,159,71,17,98,43,1.41,6.16,2.68,4.28,1.4,1.0,15514
Jedd Gyorko,Cardinals,95,381,343,86,14,2,17,43,51,31,84,3,2,1,,.251,.316,.448,.764,.327,,103,-0.4,-0.6,,1.0,0.5,1.4,10816,0,4,5,Mat Latos,Blue Jays,Cardinals,Mat Latos,Blue Jays,2,2,5.02,6,6,0,32.0,34,18,5,23,12,1.45,6.38,3.33,4.90,0.2,0.1,3815
Matt Joyce,Athletics,99,406,339,79,16,2,12,47,43,58,92,4,3,2,,.233,.348,.397,.745,.326,,107,0.2,-4.3,,3.8,-8.7,0.9,3353,0,4,4,Ricky Nolasco,Angels,Angels,Ricky Nolasco,Angels,9,9,4.19,25,25,0,150.0,155,70,20,115,37,1.28,6.87,2.21,4.21,1.6,1.6,3830
Alex Bregman,Astros,120,511,456,119,25,3,14,62,59,43,83,5,8,5,,.262,.330,.425,.755,.326,,106,0.3,-3.2,,3.7,-1.5,2.0,17678,1,4,4,Corey Kluber,Indians,Indians,Corey Kluber,Indians,13,8,3.55,28,28,0,186.0,169,73,21,191,48,1.17,9.28,2.35,3.47,3.9,3.9,2429
Hunter Pence,Giants,104,445,401,106,20,2,14,50,54,37,94,2,2,1,,.264,.328,.428,.755,.325,,106,0.2,0.9,,3.4,-3.3,1.5,8252,1,5,5,Julio Urias,Dodgers,Giants,Julio Urias,Dodgers,7,5,3.31,17,17,0,91.0,77,33,9,100,36,1.24,9.89,3.53,3.56,1.8,2.0,14765
Jason Kipnis,Indians,122,537,474,125,28,3,12,68,57,52,107,5,10,5,,.263,.339,.408,.747,.325,,102,1.1,-1.4,,2.1,0.6,2.1,9776,1,4,4,Mike Fiers,Astros,Indians,Mike Fiers,Astros,9,9,4.48,27,27,0,155.0,158,77,24,130,46,1.31,7.50,2.66,4.52,1.5,1.2,7754
Matt Adams,Cardinals,53,218,199,52,11,1,8,25,29,16,53,1,1,1,,.260,.315,.447,.762,.325,,102,-0.2,0.0,,0.3,-1.5,0.6,9393,3,3,3,Casey Lawrence,Blue Jays,Cardinals,Mat Latos,Blue Jays,2,2,5.02,6,6,0,32.0,34,18,5,23,12,1.45,6.38,3.33,4.90,0.2,0.1,3815
Kole Calhoun,Angels,125,550,490,127,25,2,17,68,62,49,114,4,3,2,,.260,.330,.421,.751,.325,,107,0.8,4.4,,5.6,-1.2,2.4,11200,0,4,4,Kendall Graveman,Athletics,Angels,Kendall Graveman,Athletics,8,9,4.44,24,24,0,143.0,159,71,17,98,43,1.41,6.16,2.68,4.28,1.4,1.0,15514
Yasmany Tomas,Diamondbacks,102,420,390,103,21,2,17,47,57,23,105,2,3,2,,.265,.308,.457,.765,.324,,95,-1.2,-7.6,,-3.7,-11.6,-0.2,17171,2,4,4,Jered Weaver,Padres,D-backs,Jered Weaver,Padres,5,9,5.02,21,21,0,123.0,134,69,22,84,36,1.38,6.15,2.63,5.05,0.5,0.0,4235
Yonder Alonso,Athletics,93,375,334,90,20,1,8,40,40,35,55,2,3,2,,.271,.340,.406,.747,.324,,106,-1.2,2.1,,1.4,-3.9,1.1,2530,1,3,4,Ricky Nolasco,Angels,Angels,Ricky Nolasco,Angels,9,9,4.19,25,25,0,150.0,155,70,20,115,37,1.28,6.87,2.21,4.21,1.6,1.6,3830
Evan Gattis,Astros,82,334,303,74,14,1,17,41,48,24,76,3,1,1,,.243,.303,.464,.767,.323,,104,-0.9,-0.4,,0.7,-1.6,1.1,11003,1,4,4,Corey Kluber,Indians,Indians,Corey Kluber,Indians,13,8,3.55,28,28,0,186.0,169,73,21,191,48,1.17,9.28,2.35,3.47,3.9,3.9,2429
Mitch Moreland,Red Sox,103,417,373,95,24,1,14,49,53,34,98,5,1,1,,.256,.324,.434,.758,.323,,97,-1.2,3.5,,-2.9,-4.4,0.7,3086,0,3,3,Masahiro Tanaka,Yankees,Red Sox,Masahiro Tanaka,Yankees,11,9,3.91,28,28,0,178.0,178,77,24,156,41,1.23,7.87,2.06,3.92,3.3,2.8,15764
Martin Prado,Marlins,113,493,446,126,24,2,9,57,48,36,62,4,2,1,,.282,.338,.405,.743,.322,,100,-1.5,2.2,,-1.7,4.0,1.8,3312,1,4,4,Jeremy Hellickson,Phillies,Phillies,Jeremy Hellickson,Phillies,8,10,4.53,26,26,0,152.0,158,76,24,121,41,1.32,7.17,2.46,4.54,1.6,1.1,4371
Aaron Hicks,Yankees,80,313,274,69,13,1,9,37,35,33,59,1,7,4,,.251,.332,.407,.739,.321,,100,0.3,1.7,,0.2,0.2,1.1,5297,2,4,4,Chris Sale,Red Sox,Red Sox,Chris Sale,Red Sox,14,8,3.25,28,28,0,189.0,163,68,21,214,42,1.08,10.21,1.98,3.14,4.8,5.1,10603
Curtis Granderson,Mets,116,509,437,101,19,3,19,62,53,60,114,5,4,2,,.230,.328,.414,.742,.321,,102,0.8,-7.3,,2.2,-8.0,1.1,4747,1,4,4,R.A. Dickey,Braves,Mets,R.A. Dickey,Braves,8,9,4.24,24,24,0,145.0,146,68,18,119,51,1.36,7.38,3.15,4.32,1.6,1.5,1245
Kolten Wong,Cardinals,99,394,350,93,15,4,9,42,42,32,59,7,8,4,,.266,.336,.409,.745,.320,,99,1.0,-0.7,,0.4,0.6,1.4,12532,2,4,5,Mat Latos,Blue Jays,Cardinals,Mat Latos,Blue Jays,2,2,5.02,6,6,0,32.0,34,18,5,23,12,1.45,6.38,3.33,4.90,0.2,0.1,3815
Ian Kinsler,Tigers,125,563,509,135,26,3,15,71,59,40,88,6,8,5,,.265,.324,.416,.740,.320,,99,0.7,2.9,,-0.1,4.8,2.4,6195,0,4,4,Hisashi Iwakuma,Mariners,Tigers,Hisashi Iwakuma,Mariners,8,10,4.52,25,25,0,153.0,167,77,23,105,37,1.34,6.18,2.20,4.55,1.4,1.0,13048
Jay Bruce,Mets,108,448,402,96,21,3,20,52,61,40,100,2,3,2,,.238,.308,.449,.757,.320,,102,-0.3,-3.1,,0.6,-9.3,0.6,9892,1,4,4,R.A. Dickey,Braves,Mets,R.A. Dickey,Braves,8,9,4.24,24,24,0,145.0,146,68,18,119,51,1.36,7.38,3.15,4.32,1.6,1.5,1245
Chase Headley,Yankees,109,436,383,97,19,1,12,49,48,43,97,5,5,3,,.253,.334,.399,.733,.320,,98,-0.2,3.1,,-1.0,4.5,1.9,4720,1,4,4,Chris Sale,Red Sox,Red Sox,Chris Sale,Red Sox,14,8,3.25,28,28,0,189.0,163,68,21,214,42,1.08,10.21,1.98,3.14,4.8,5.1,10603
Michael Saunders,Phillies,103,426,371,88,20,2,14,46,49,46,113,3,2,1,,.238,.325,.414,.739,.319,,98,0.9,-3.2,,-0.3,-6.9,0.6,9981,1,4,4,Edinson Volquez,Marlins,Phillies,Edinson Volquez,Marlins,9,9,4.11,26,26,0,152.0,152,69,14,127,60,1.40,7.54,3.55,4.01,1.9,1.6,3990
C.J. Cron,Angels,68,278,256,67,13,1,10,31,37,15,54,3,2,1,,.261,.307,.440,.747,.319,,103,-0.6,0.6,,0.5,-4.4,0.6,12546,2,3,3,Kendall Graveman,Athletics,Angels,Kendall Graveman,Athletics,8,9,4.44,24,24,0,143.0,159,71,17,98,43,1.41,6.16,2.68,4.28,1.4,1.0,15514
Lonnie Chisenhall,Indians,105,416,379,101,22,2,11,46,50,28,77,3,4,2,,.266,.321,.423,.744,.319,,97,0.6,-4.9,,-0.8,-4.0,1.0,7571,0,3,4,Mike Fiers,Astros,Indians,Mike Fiers,Astros,9,9,4.48,27,27,0,155.0,158,77,24,130,46,1.31,7.50,2.66,4.52,1.5,1.2,7754
Travis d'Arnaud,Mets,74,288,257,65,13,1,9,29,33,25,50,3,1,1,,.252,.321,.419,.740,.319,,100,-0.3,-0.7,,-0.2,3.2,1.2,7739,0,4,4,R.A. Dickey,Braves,Mets,R.A. Dickey,Braves,8,9,4.24,24,24,0,145.0,146,68,18,119,51,1.36,7.38,3.15,4.32,1.6,1.5,1245
Russell Martin,Blue Jays,99,400,341,77,15,1,14,45,45,48,103,7,3,2,,.225,.330,.395,.725,.318,,96,-1.5,2.9,,-3.2,10.5,2.1,4616,1,4,5,Carlos Martinez,Cardinals,Cardinals,Adam Wainwright,Cardinals,9,8,3.83,24,24,0,146.0,148,62,15,123,40,1.29,7.58,2.47,3.73,2.5,2.1,2233
Odubel Herrera,Phillies,126,556,495,134,22,3,11,63,51,48,116,5,16,8,,.271,.339,.393,.732,.318,,96,0.3,2.6,,-2.1,4.4,2.0,11476,0,4,4,Edinson Volquez,Marlins,Phillies,Edinson Volquez,Marlins,9,9,4.11,26,26,0,152.0,152,69,14,127,60,1.40,7.54,3.55,4.01,1.9,1.6,3990
Yadier Molina,Cardinals,105,430,393,111,23,1,7,43,47,28,53,3,2,1,,.283,.333,.400,.734,.318,,97,-2.4,5.7,,-4.0,13.4,2.4,7007,2,4,5,Mat Latos,Blue Jays,Cardinals,Mat Latos,Blue Jays,2,2,5.02,6,6,0,32.0,34,18,5,23,12,1.45,6.38,3.33,4.90,0.2,0.1,3815
J.T. Realmuto,Marlins,98,400,367,102,20,2,8,41,44,24,65,3,7,4,,.278,.325,.414,.739,.317,,97,0.2,1.2,,-1.4,7.1,1.9,11739,2,4,4,Jeremy Hellickson,Phillies,Phillies,Jeremy Hellickson,Phillies,8,10,4.53,26,26,0,152.0,158,76,24,121,41,1.32,7.17,2.46,4.54,1.6,1.1,4371
Alex Avila,Tigers,49,196,164,36,7,0,6,22,21,29,63,1,1,0,,.222,.342,.375,.717,.317,,97,-0.9,0.6,,-1.7,0.5,0.6,7476,0,3,4,Hisashi Iwakuma,Mariners,Tigers,Hisashi Iwakuma,Mariners,8,10,4.52,25,25,0,153.0,167,77,23,105,37,1.34,6.18,2.20,4.55,1.4,1.0,13048
Randal Grichuk,Cardinals,111,447,412,101,23,2,19,49,62,26,123,4,5,3,,.244,.293,.453,.746,.317,,96,0.6,3.1,,-1.5,-1.0,1.2,10243,2,2,3,Mat Latos,Blue Jays,Cardinals,Mat Latos,Blue Jays,2,2,5.02,6,6,0,32.0,34,18,5,23,12,1.45,6.38,3.33,4.90,0.2,0.1,3815
Gerardo Parra,Rockies,67,272,253,70,15,2,6,29,31,14,48,2,5,3,,.276,.317,.421,.739,.317,,78,-0.4,0.7,,-7.8,-2.1,-0.1,8553,1,3,4,Gio Gonzalez,Nationals,Rockies,Gio Gonzalez,Nationals,10,8,3.80,25,25,0,146.0,142,61,14,134,52,1.33,8.29,3.21,3.76,2.4,2.4,7448
Yunel Escobar,Angels,107,475,427,119,20,1,7,54,42,37,61,4,3,2,,.279,.339,.381,.720,.316,,101,-2.2,-3.4,,-1.4,-1.8,1.3,4191,1,4,4,Kendall Graveman,Athletics,Angels,Kendall Graveman,Athletics,8,9,4.44,24,24,0,143.0,159,71,17,98,43,1.41,6.16,2.68,4.28,1.4,1.0,15514
Jose Martinez,Cardinals,41,165,150,42,8,0,3,17,17,12,27,1,2,1,,.277,.334,.392,.725,.315,,95,0.0,-0.2,,-1.0,-1.6,0.3,7996,1,5,5,Mat Latos,Blue Jays,Cardinals,Mat Latos,Blue Jays,2,2,5.02,6,6,0,32.0,34,18,5,23,12,1.45,6.38,3.33,4.90,0.2,0.1,3815
Brian McCann,Astros,90,368,322,75,11,1,15,43,47,37,70,5,1,0,,.232,.318,.411,.729,.314,,98,-1.7,1.7,,-2.7,8.5,1.9,4810,1,4,5,Corey Kluber,Indians,Indians,Corey Kluber,Indians,13,8,3.55,28,28,0,186.0,169,73,21,191,48,1.17,9.28,2.35,3.47,3.9,3.9,2429
Nick Markakis,Braves,129,553,487,129,25,1,9,58,52,56,84,4,2,1,,.266,.344,.378,.722,.314,,93,-1.0,-2.1,,-5.5,-7.9,0.4,5930,1,2,5,Matt Harvey,Mets,Mets,Matt Harvey,Mets,8,8,3.89,23,23,0,135.0,134,59,16,120,34,1.24,7.96,2.24,3.79,2.4,1.6,11713
Guillermo Heredia,Mariners,72,292,259,69,12,1,5,32,27,24,44,4,6,3,,.266,.336,.375,.711,.313,,98,0.0,-0.6,,-0.5,-3.8,0.6,18721,1,4,4,Justin Verlander,Tigers,Tigers,Justin Verlander,Tigers,12,9,3.65,28,28,0,180.0,160,73,22,188,54,1.18,9.41,2.69,3.65,3.7,3.5,8700
Trevor Plouffe,Athletics,105,426,384,94,19,1,14,46,51,35,90,3,1,1,,.244,.310,.415,.725,.313,,98,-1.2,-4.9,,-2.0,-5.2,0.7,7462,0,3,3,Ricky Nolasco,Angels,Angels,Ricky Nolasco,Angels,9,9,4.19,25,25,0,150.0,155,70,20,115,37,1.28,6.87,2.21,4.21,1.6,1.6,3830
Starlin Castro,Yankees,120,493,459,124,23,1,15,54,60,25,88,3,3,2,,.270,.310,.420,.730,.312,,94,-1.4,-2.0,,-5.2,-0.2,1.2,4579,2,4,4,Chris Sale,Red Sox,Red Sox,Chris Sale,Red Sox,14,8,3.25,28,28,0,189.0,163,68,21,214,42,1.08,10.21,1.98,3.14,4.8,5.1,10603
Scott Van Slyke,Dodgers,35,141,123,29,6,0,4,15,16,15,36,2,2,1,,.235,.325,.396,.720,.312,,97,-0.2,0.5,,-0.8,-0.2,0.4,4365,0,3,3,Matt Moore,Giants,Giants,Matt Moore,Giants,9,9,3.77,27,27,0,154.0,143,65,17,143,55,1.28,8.38,3.23,3.86,2.0,2.1,1890
Austin Barnes,Dodgers,34,130,115,29,6,1,3,13,14,12,22,1,3,2,,.255,.328,.386,.714,.312,,97,0.1,-0.1,,-0.4,2.3,0.6,12158,0,3,3,Matt Moore,Giants,Giants,Matt Moore,Giants,9,9,3.77,27,27,0,154.0,143,65,17,143,55,1.28,8.38,3.23,3.86,2.0,2.1,1890
Justin Smoak,Blue Jays,72,288,252,57,11,1,11,32,35,31,79,2,1,1,,.225,.312,.408,.720,.312,,92,-1.0,0.6,,-3.7,-3.6,0.3,9054,1,4,5,Carlos Martinez,Cardinals,Cardinals,Adam Wainwright,Cardinals,9,8,3.83,24,24,0,146.0,148,62,15,123,40,1.29,7.58,2.47,3.73,2.5,2.1,2233
Devon Travis,Blue Jays,102,442,407,109,24,1,10,52,45,26,83,2,5,3,,.267,.313,.408,.720,.311,,92,0.6,0.0,,-3.8,1.5,1.3,13862,0,4,5,Carlos Martinez,Cardinals,Cardinals,Adam Wainwright,Cardinals,9,8,3.83,24,24,0,146.0,148,62,15,123,40,1.29,7.58,2.47,3.73,2.5,2.1,2233
Kevin Pillar,Blue Jays,115,461,428,117,26,2,9,51,49,22,71,5,12,6,,.274,.313,.408,.721,.311,,91,1.2,8.2,,-3.6,10.1,2.3,12434,2,6,6,Carlos Martinez,Cardinals,Cardinals,Adam Wainwright,Cardinals,9,8,3.83,24,24,0,146.0,148,62,15,123,40,1.29,7.58,2.47,3.73,2.5,2.1,2233
Daniel Nava,Phillies,53,218,191,47,9,0,5,22,21,20,47,4,2,1,,.247,.331,.372,.702,.310,,91,0.1,-1.3,,-2.3,-2.4,0.2,5450,0,3,4,Edinson Volquez,Marlins,Phillies,Edinson Volquez,Marlins,9,9,4.11,26,26,0,152.0,152,69,14,127,60,1.40,7.54,3.55,4.01,1.9,1.6,3990
Ryon Healy,Athletics,118,498,464,123,26,1,14,53,60,26,102,2,1,1,,.265,.305,.419,.724,.310,,96,0.1,-0.7,,-2.2,-8.6,0.6,15447,1,4,4,Ricky Nolasco,Angels,Angels,Ricky Nolasco,Angels,9,9,4.19,25,25,0,150.0,155,70,20,115,37,1.28,6.87,2.21,4.21,1.6,1.6,3830
Chris Coghlan,Blue Jays,55,220,192,45,11,1,5,24,23,23,49,2,2,1,,.237,.323,.387,.710,.308,,90,0.2,-1.2,,-2.4,-3.6,0.2,6878,0,3,3,Carlos Martinez,Cardinals,Cardinals,Adam Wainwright,Cardinals,9,8,3.83,24,24,0,146.0,148,62,15,123,40,1.29,7.58,2.47,3.73,2.5,2.1,2233
Jacoby Ellsbury,Yankees,108,477,428,112,19,3,9,57,46,38,73,4,17,6,,.261,.325,.381,.706,.308,,91,1.8,-1.2,,-3.4,-1.0,1.2,4727,0,3,4,Chris Sale,Red Sox,Red Sox,Chris Sale,Red Sox,14,8,3.25,28,28,0,189.0,163,68,21,214,42,1.08,10.21,1.98,3.14,4.8,5.1,10603
Jean Segura,Mariners,122,545,505,138,22,3,11,65,53,26,82,7,21,9,,.274,.316,.396,.711,.308,,95,1.4,-3.8,,-2.1,2.2,1.9,5933,1,4,4,Justin Verlander,Tigers,Tigers,Justin Verlander,Tigers,12,9,3.65,28,28,0,180.0,160,73,22,188,54,1.18,9.41,2.69,3.65,3.7,3.5,8700
Jed Lowrie,Athletics,97,397,356,92,20,1,7,42,39,33,65,3,1,1,,.258,.324,.380,.704,.307,,94,-0.8,-1.8,,-3.5,-2.1,0.8,4418,1,3,4,Ricky Nolasco,Angels,Angels,Ricky Nolasco,Angels,9,9,4.19,25,25,0,150.0,155,70,20,115,37,1.28,6.87,2.21,4.21,1.6,1.6,3830
Matt Wieters,Nationals,83,327,295,73,15,1,10,33,39,25,63,3,1,1,,.248,.309,.402,.711,.307,,88,-0.9,2.6,,-5.8,8.7,1.4,4298,2,5,6,Antonio Senzatela,Rockies,Rockies,Antonio Senzatela,Rockies,6,7,4.84,17,30,0,111.0,121,60,17,88,36,1.41,7.13,2.91,4.63,1.1,1.3,15488
Asdrubal Cabrera,Mets,109,462,418,104,22,1,13,51,49,34,87,4,4,2,,.248,.309,.403,.712,.307,,93,-0.8,-7.8,,-5.0,-3.1,0.7,4962,0,3,4,R.A. Dickey,Braves,Mets,R.A. Dickey,Braves,8,9,4.24,24,24,0,145.0,146,68,18,119,51,1.36,7.38,3.15,4.32,1.6,1.5,1245
Abraham Almonte,Indians,82,315,282,72,16,2,5,35,33,27,71,2,8,3,,.255,.321,.382,.704,.307,,89,-0.1,0.5,,-4.4,-2.2,0.4,5486,1,3,3,Mike Fiers,Astros,Indians,Mike Fiers,Astros,9,9,4.48,27,27,0,155.0,158,77,24,130,46,1.31,7.50,2.66,4.52,1.5,1.2,7754
Andrelton Simmons,Angels,113,447,408,111,20,2,8,45,46,30,42,3,7,4,,.271,.323,.383,.706,.307,,95,-0.8,10.8,,-3.6,15.9,2.8,10847,0,3,3,Kendall Graveman,Athletics,Angels,Kendall Graveman,Athletics,8,9,4.44,24,24,0,143.0,159,71,17,98,43,1.41,6.16,2.68,4.28,1.4,1.0,15514
Chris Taylor,Dodgers,20,79,71,19,4,1,1,7,7,7,17,1,2,1,,.266,.330,.370,.701,.307,,93,0.0,0.6,,-0.6,0.9,0.3,13757,1,4,5,Matt Moore,Giants,Giants,Matt Moore,Giants,9,9,3.77,27,27,0,154.0,143,65,17,143,55,1.28,8.38,3.23,3.86,2.0,2.1,1890
Ender Inciarte,Braves,121,548,499,136,23,4,7,62,42,38,70,3,16,7,,.274,.327,.378,.704,.306,,88,1.2,7.9,,-7.0,9.7,2.1,4922,1,5,5,Matt Harvey,Mets,Mets,Matt Harvey,Mets,8,8,3.89,23,23,0,135.0,134,59,16,120,34,1.24,7.96,2.24,3.79,2.4,1.6,11713
Jose Iglesias,Tigers,111,422,386,107,21,1,5,45,40,24,43,5,10,5,,.278,.327,.372,.699,.305,,88,-0.3,3.2,,-6.2,8.1,1.7,10231,0,3,3,Hisashi Iwakuma,Mariners,Tigers,Hisashi Iwakuma,Mariners,8,10,4.52,25,25,0,153.0,167,77,23,105,37,1.34,6.18,2.20,4.55,1.4,1.0,13048
Greg Garcia,Cardinals,58,227,197,50,10,1,2,22,19,24,45,3,3,2,,.255,.342,.344,.686,.304,,88,0.2,-0.2,,-3.3,0.5,0.5,10951,3,3,5,Casey Lawrence,Blue Jays,Cardinals,Mat Latos,Blue Jays,2,2,5.02,6,6,0,32.0,34,18,5,23,12,1.45,6.38,3.33,4.90,0.2,0.1,3815
Brock Stassi,Phillies,20,78,68,16,3,0,2,8,8,8,14,1,1,0,,.240,.320,.373,.693,.304,,87,0.0,0.0,,-1.3,-0.4,0.1,12244,1,3,3,Edinson Volquez,Marlins,Phillies,Edinson Volquez,Marlins,9,9,4.11,26,26,0,152.0,152,69,14,127,60,1.40,7.54,3.55,4.01,1.9,1.6,3990
Adonis Garcia,Braves,93,380,356,95,18,0,10,36,43,16,64,3,3,2,,.268,.304,.403,.707,.303,,86,-1.0,-2.7,,-7.4,-1.4,0.3,13777,1,5,5,Matt Harvey,Mets,Mets,Matt Harvey,Mets,8,8,3.89,23,23,0,135.0,134,59,16,120,34,1.24,7.96,2.24,3.79,2.4,1.6,11713
Tony Kemp,Astros,24,93,83,22,3,1,1,10,8,8,14,1,3,2,,.262,.332,.352,.685,.303,,90,-0.1,-0.8,,-1.2,-0.5,0.2,14894,0,3,3,Corey Kluber,Indians,Indians,Corey Kluber,Indians,13,8,3.55,28,28,0,186.0,169,73,21,191,48,1.17,9.28,2.35,3.47,3.9,3.9,2429
Taylor Motter,Mariners,71,276,250,61,13,0,8,30,31,20,54,2,9,4,,.243,.303,.397,.700,.303,,91,-0.1,0.1,,-3.1,2.3,0.9,12399,0,3,4,Justin Verlander,Tigers,Tigers,Justin Verlander,Tigers,12,9,3.65,28,28,0,180.0,160,73,22,188,54,1.18,9.41,2.69,3.65,3.7,3.5,8700
Eduardo Nunez,Giants,106,439,407,109,20,3,8,44,44,24,62,3,23,10,,.267,.310,.390,.701,.302,,90,0.6,-1.9,,-4.6,-0.8,0.9,6848,1,4,4,Julio Urias,Dodgers,Giants,Julio Urias,Dodgers,7,5,3.31,17,17,0,91.0,77,33,9,100,36,1.24,9.89,3.53,3.56,1.8,2.0,14765
Andres Blanco,Phillies,59,232,211,53,12,1,5,23,24,15,45,3,3,2,,.249,.306,.388,.695,.302,,86,-0.7,-1.1,,-4.8,-0.2,0.2,1907,0,2,3,Edinson Volquez,Marlins,Phillies,Edinson Volquez,Marlins,9,9,4.11,26,26,0,152.0,152,69,14,127,60,1.40,7.54,3.55,4.01,1.9,1.6,3990
Marco Hernandez,Red Sox,16,61,57,16,3,1,1,7,6,3,13,0,1,1,,.274,.309,.389,.698,.301,,81,0.1,-0.2,,-1.3,0.1,0.1,13154,0,3,3,Masahiro Tanaka,Yankees,Red Sox,Masahiro Tanaka,Yankees,11,9,3.91,28,28,0,178.0,178,77,24,156,41,1.23,7.87,2.06,3.92,3.3,2.8,15764
Josh Phegley,Athletics,32,126,116,28,6,0,4,13,14,7,25,2,1,0,,.245,.293,.405,.698,.301,,90,-0.2,0.2,,-1.7,2.5,0.5,9308,0,3,3,Ricky Nolasco,Angels,Angels,Ricky Nolasco,Angels,9,9,4.19,25,25,0,150.0,155,70,20,115,37,1.28,6.87,2.21,4.21,1.6,1.6,3830
Jaff Decker,Athletics,53,218,188,44,8,1,4,24,19,25,46,2,7,4,,.234,.326,.355,.682,.301,,90,0.0,-0.8,,-2.7,-3.2,0.2,7945,0,3,3,Ricky Nolasco,Angels,Angels,Ricky Nolasco,Angels,9,9,4.19,25,25,0,150.0,155,70,20,115,37,1.28,6.87,2.21,4.21,1.6,1.6,3830
Jim Adduci,Tigers,9,34,31,8,1,0,1,3,3,3,8,0,1,0,,.251,.315,.371,.685,.300,,85,0.0,0.0,,-0.6,-0.3,0.0,6448,0,3,3,Hisashi Iwakuma,Mariners,Tigers,Hisashi Iwakuma,Mariners,8,10,4.52,25,25,0,153.0,167,77,23,105,37,1.34,6.18,2.20,4.55,1.4,1.0,13048
Ben Gamel,Mariners,32,130,118,31,6,1,2,14,12,9,27,1,3,2,,.261,.318,.373,.691,.299,,89,0.0,-0.5,,-1.7,-1.9,0.1,12160,2,4,4,Justin Verlander,Tigers,Tigers,Justin Verlander,Tigers,12,9,3.65,28,28,0,180.0,160,73,22,188,54,1.18,9.41,2.69,3.65,3.7,3.5,8700
Chris Owings,Diamondbacks,102,415,385,101,19,5,7,40,41,21,85,3,14,6,,.262,.304,.393,.696,.298,,78,0.6,-3.0,,-10.7,-0.6,0.2,10030,2,3,4,Jered Weaver,Padres,D-backs,Jered Weaver,Padres,5,9,5.02,21,21,0,123.0,134,69,22,84,36,1.38,6.15,2.63,5.05,0.5,0.0,4235
Pat Valaika,Rockies,6,23,21,5,1,0,0,2,2,1,5,0,1,0,,.261,.298,.393,.691,.298,,65,0.0,0.0,,-1.0,-0.6,-0.1,14885,2,3,3,Gio Gonzalez,Nationals,Rockies,Gio Gonzalez,Nationals,10,8,3.80,25,25,0,146.0,142,61,14,134,52,1.33,8.29,3.21,3.76,2.4,2.4,7448
Jace Peterson,Braves,52,205,178,43,8,1,2,18,17,22,39,1,4,2,,.241,.327,.344,.671,.297,,82,0.0,-1.0,,-4.6,-1.6,0.0,12325,2,4,4,Matt Harvey,Mets,Mets,Matt Harvey,Mets,8,8,3.89,23,23,0,135.0,134,59,16,120,34,1.24,7.96,2.24,3.79,2.4,1.6,11713
Dee Gordon,Marlins,124,563,521,145,19,8,3,66,39,31,88,3,39,14,,.278,.319,.361,.680,.297,,83,3.3,0.6,,-8.6,2.4,1.2,8203,1,5,5,Jeremy Hellickson,Phillies,Phillies,Jeremy Hellickson,Phillies,8,10,4.53,26,26,0,152.0,158,76,24,121,41,1.32,7.17,2.46,4.54,1.6,1.1,4371
Dansby Swanson,Braves,123,528,479,120,23,3,11,56,49,38,112,4,7,4,,.250,.308,.381,.689,.296,,82,0.5,-0.1,,-11.5,5.2,1.1,18314,0,3,4,Matt Harvey,Mets,Mets,Matt Harvey,Mets,8,8,3.89,23,23,0,135.0,134,59,16,120,34,1.24,7.96,2.24,3.79,2.4,1.6,11713
Ronald Torreyes,Yankees,63,235,218,58,10,2,3,24,23,12,24,2,4,2,,.267,.308,.373,.681,.296,,82,0.3,0.0,,-4.7,2.4,0.6,11400,2,3,3,Chris Sale,Red Sox,Red Sox,Chris Sale,Red Sox,14,8,3.25,28,28,0,189.0,163,68,21,214,42,1.08,10.21,1.98,3.14,4.8,5.1,10603
Carlos Ruiz,Mariners,37,147,129,31,7,0,2,14,13,13,24,2,1,1,,.241,.322,.346,.667,.296,,86,-0.5,0.4,,-2.9,3.1,0.5,2579,0,2,3,Justin Verlander,Tigers,Tigers,Justin Verlander,Tigers,12,9,3.65,28,28,0,180.0,160,73,22,188,54,1.18,9.41,2.69,3.65,3.7,3.5,8700
Jarrod Dyson,Mariners,99,413,371,97,16,4,3,48,33,30,61,5,32,10,,.260,.322,.348,.670,.295,,86,3.7,5.1,,-3.2,3.1,1.4,4866,0,3,3,Justin Verlander,Tigers,Tigers,Justin Verlander,Tigers,12,9,3.65,28,28,0,180.0,160,73,22,188,54,1.18,9.41,2.69,3.65,3.7,3.5,8700
Tyler Collins,Tigers,69,275,249,60,9,2,7,28,30,20,64,2,3,2,,.241,.299,.378,.677,.294,,81,0.3,-3.3,,-6.0,-5.3,-0.2,12723,3,3,4,Hisashi Iwakuma,Mariners,Tigers,Hisashi Iwakuma,Mariners,8,10,4.52,25,25,0,153.0,167,77,23,105,37,1.34,6.18,2.20,4.55,1.4,1.0,13048
Marwin Gonzalez,Astros,72,286,263,65,13,1,7,30,32,16,62,3,5,3,,.246,.293,.389,.682,.294,,84,-0.6,-0.9,,-6.2,-2.9,0.1,5497,2,3,4,Corey Kluber,Indians,Indians,Corey Kluber,Indians,13,8,3.55,28,28,0,186.0,169,73,21,191,48,1.17,9.28,2.35,3.47,3.9,3.9,2429
Ezequiel Carrera,Blue Jays,76,302,273,68,12,2,4,31,28,22,66,3,8,4,,.250,.310,.357,.667,.293,,79,0.6,-0.9,,-6.9,-3.4,0.0,9048,1,4,5,Carlos Martinez,Cardinals,Cardinals,Adam Wainwright,Cardinals,9,8,3.83,24,24,0,146.0,148,62,15,123,40,1.29,7.58,2.47,3.73,2.5,2.1,2233
Gorkys Hernandez,Giants,47,187,168,43,8,1,2,18,17,14,40,2,5,3,,.253,.316,.350,.666,.293,,84,-0.1,0.3,,-3.8,0.3,0.2,4146,0,3,4,Julio Urias,Dodgers,Giants,Julio Urias,Dodgers,7,5,3.31,17,17,0,91.0,77,33,9,100,36,1.24,9.89,3.53,3.56,1.8,2.0,14765
Adam Rosales,Athletics,70,276,248,56,11,1,8,29,29,23,78,2,4,2,,.228,.297,.377,.674,.292,,84,0.0,-1.3,,-5.3,1.1,0.5,9682,0,3,3,Ricky Nolasco,Angels,Angels,Ricky Nolasco,Angels,9,9,4.19,25,25,0,150.0,155,70,20,115,37,1.28,6.87,2.21,4.21,1.6,1.6,3830
Austin Romine,Yankees,32,123,113,28,6,0,3,13,13,7,23,1,1,1,,.249,.295,.382,.677,.292,,80,-0.1,-0.2,,-3.1,2.0,0.3,5491,0,3,3,Chris Sale,Red Sox,Red Sox,Chris Sale,Red Sox,14,8,3.25,28,28,0,189.0,163,68,21,214,42,1.08,10.21,1.98,3.14,4.8,5.1,10603
James McCann,Tigers,80,308,282,68,12,1,8,31,34,19,75,3,1,1,,.240,.293,.380,.673,.292,,79,-0.9,4.9,,-8.6,10.9,1.3,12859,0,4,4,Hisashi Iwakuma,Mariners,Tigers,Hisashi Iwakuma,Mariners,8,10,4.52,25,25,0,153.0,167,77,23,105,37,1.34,6.18,2.20,4.55,1.4,1.0,13048
Dustin Garneau,Rockies,26,99,90,21,4,0,3,10,11,7,22,1,1,0,,.230,.290,.379,.670,.290,,60,0.0,0.6,,-4.9,2.1,0.0,9433,1,4,4,Gio Gonzalez,Nationals,Rockies,Gio Gonzalez,Nationals,10,8,3.80,25,25,0,146.0,142,61,14,134,52,1.33,8.29,3.21,3.76,2.4,2.4,7448
Sandy Leon,Red Sox,66,250,225,54,11,1,4,26,25,19,55,2,1,1,,.241,.304,.359,.663,.289,,73,-0.5,2.6,,-8.5,7.6,0.8,5273,0,3,3,Masahiro Tanaka,Yankees,Red Sox,Masahiro Tanaka,Yankees,11,9,3.91,28,28,0,178.0,178,77,24,156,41,1.23,7.87,2.06,3.92,3.3,2.8,15764
Yan Gomes,Indians,76,292,270,63,14,1,9,31,35,14,74,3,1,1,,.233,.277,.395,.672,.288,,76,-0.3,2.6,,-8.6,7.5,0.9,9627,1,1,3,Mike Fiers,Astros,Indians,Mike Fiers,Astros,9,9,4.48,27,27,0,155.0,158,77,24,130,46,1.31,7.50,2.66,4.52,1.5,1.2,7754
Jose Reyes,Mets,94,415,377,93,17,2,7,44,33,30,64,1,12,5,,.246,.302,.358,.659,.288,,80,0.7,-0.8,,-9.5,0.9,0.5,1736,2,3,4,R.A. Dickey,Braves,Mets,R.A. Dickey,Braves,8,9,4.24,24,24,0,145.0,146,68,18,119,51,1.36,7.38,3.15,4.32,1.6,1.5,1245
Jose Martinez,,0,1,1,0,0,0,0,0,0,0,0,0,0,0,,.257,.302,.358,.660,.288,,-100,0.0,0.0,,0.0,0.0,,sa291098,1,5,5,Mat Latos,Blue Jays,Cardinals,Mat Latos,Blue Jays,2,2,5.02,6,6,0,32.0,34,18,5,23,12,1.45,6.38,3.33,4.90,0.2,0.1,3815
Chris Herrmann,Diamondbacks,41,163,146,34,6,1,3,15,16,13,41,1,2,1,,.230,.296,.362,.658,.287,,70,0.2,0.3,,-5.9,0.2,0.0,9284,0,4,4,Jered Weaver,Padres,D-backs,Jered Weaver,Padres,5,9,5.02,21,21,0,123.0,134,69,22,84,36,1.38,6.15,2.63,5.05,0.5,0.0,4235
Kurt Suzuki,Braves,53,207,187,46,10,0,3,18,19,14,29,3,1,0,,.245,.305,.352,.657,.286,,75,-0.7,-0.8,,-7.1,3.0,0.2,8259,1,3,5,Matt Harvey,Mets,Mets,Matt Harvey,Mets,8,8,3.89,23,23,0,135.0,134,59,16,120,34,1.24,7.96,2.24,3.79,2.4,1.6,11713
Nick Hundley,Giants,36,143,132,31,7,0,3,13,15,9,33,1,1,1,,.237,.287,.373,.661,.285,,79,-0.3,-0.4,,-4.1,1.9,0.2,3376,0,4,4,Julio Urias,Dodgers,Giants,Julio Urias,Dodgers,7,5,3.31,17,17,0,91.0,77,33,9,100,36,1.24,9.89,3.53,3.56,1.8,2.0,14765
Freddy Galvis,Phillies,63,249,232,56,10,2,7,23,26,12,51,1,5,3,,.242,.282,.384,.666,.284,,74,0.2,0.8,,-7.7,3.7,0.4,6609,2,4,4,Edinson Volquez,Marlins,Phillies,Edinson Volquez,Marlins,9,9,4.11,26,26,0,152.0,152,69,14,127,60,1.40,7.54,3.55,4.01,1.9,1.6,3990
Kelby Tomlinson,Giants,12,48,43,11,2,0,0,4,4,4,8,0,2,1,,.255,.316,.325,.641,.284,,78,0.1,-0.2,,-1.2,0.0,0.0,13005,2,4,4,Julio Urias,Dodgers,Giants,Julio Urias,Dodgers,7,5,3.31,17,17,0,91.0,77,33,9,100,36,1.24,9.89,3.53,3.56,1.8,2.0,14765
Adeiny Hechavarria,Marlins,117,450,415,108,17,4,4,37,40,26,65,2,3,2,,.261,.306,.351,.657,.283,,74,-0.5,1.2,,-14.9,6.2,0.6,10459,1,4,4,Jeremy Hellickson,Phillies,Phillies,Jeremy Hellickson,Phillies,8,10,4.53,26,26,0,152.0,158,76,24,121,41,1.32,7.17,2.46,4.54,1.6,1.1,4371
Ben Revere,Angels,45,191,179,48,6,2,1,20,15,9,20,1,8,3,,.270,.306,.340,.646,.283,,78,0.9,-0.4,,-4.1,-2.0,0.0,4712,1,3,3,Kendall Graveman,Athletics,Angels,Kendall Graveman,Athletics,8,9,4.44,24,24,0,143.0,159,71,17,98,43,1.41,6.16,2.68,4.28,1.4,1.0,15514
Andrew Knapp,Phillies,32,125,113,26,6,0,2,11,12,10,32,1,1,1,,.231,.295,.350,.646,.283,,73,0.0,-0.1,,-4.1,2.2,0.2,14942,1,2,3,Edinson Volquez,Marlins,Phillies,Edinson Volquez,Marlins,9,9,4.11,26,26,0,152.0,152,69,14,127,60,1.40,7.54,3.55,4.01,1.9,1.6,3990
Wilmer Difo,Nationals,30,123,113,29,5,0,1,12,11,7,21,1,5,2,,.254,.301,.348,.649,.283,,72,0.2,0.4,,-4.1,1.5,0.1,14320,2,5,6,Antonio Senzatela,Rockies,Rockies,Antonio Senzatela,Rockies,6,7,4.84,17,30,0,111.0,121,60,17,88,36,1.41,7.13,2.91,4.63,1.1,1.3,15488
Jarrod Saltalamacchia,Blue Jays,26,103,89,17,4,0,3,11,11,11,38,1,0,0,,.193,.287,.356,.643,.282,,72,0.0,-0.9,,-3.5,1.0,0.1,5557,0,3,4,Adam Wainwright,Cardinals,Cardinals,Adam Wainwright,Cardinals,9,8,3.83,24,24,0,146.0,148,62,15,123,40,1.29,7.58,2.47,3.73,2.5,2.1,2233
Nick Ahmed,Diamondbacks,63,243,223,54,11,1,4,21,23,15,44,2,5,3,,.241,.290,.353,.644,.279,,65,0.3,2.0,,-10.3,3.7,0.1,12147,0,3,3,Jered Weaver,Padres,D-backs,Jered Weaver,Padres,5,9,5.02,21,21,0,123.0,134,69,22,84,36,1.38,6.15,2.63,5.05,0.5,0.0,4235
Eric Fryer,Cardinals,27,107,95,22,4,0,1,9,9,10,24,1,1,1,,.232,.304,.319,.623,.278,,70,0.0,-0.3,,-3.9,1.6,0.1,8145,0,4,4,Casey Lawrence,Blue Jays,Cardinals,Mat Latos,Blue Jays,2,2,5.02,6,6,0,32.0,34,18,5,23,12,1.45,6.38,3.33,4.90,0.2,0.1,3815
Ryan Goins,Blue Jays,33,124,114,27,6,1,2,12,11,8,27,1,1,1,,.239,.290,.343,.632,.277,,68,-0.1,0.2,,-4.9,0.9,0.0,9807,1,5,5,Carlos Martinez,Cardinals,Cardinals,Adam Wainwright,Cardinals,9,8,3.83,24,24,0,146.0,148,62,15,123,40,1.29,7.58,2.47,3.73,2.5,2.1,2233
Darwin Barney,Blue Jays,56,218,200,48,9,1,3,21,20,13,35,2,3,1,,.238,.290,.340,.630,.275,,67,0.2,2.3,,-8.4,3.0,0.2,2430,2,3,3,Adam Wainwright,Cardinals,Cardinals,Adam Wainwright,Cardinals,9,8,3.83,24,24,0,146.0,148,62,15,123,40,1.29,7.58,2.47,3.73,2.5,2.1,2233
Juan Graterol,Angels,25,101,95,24,4,0,1,9,9,4,15,1,1,1,,.249,.282,.339,.620,.270,,70,0.0,0.1,,-3.7,2.0,0.2,5398,0,3,3,Kendall Graveman,Athletics,Angels,Kendall Graveman,Athletics,8,9,4.44,24,24,0,143.0,159,71,17,98,43,1.41,6.16,2.68,4.28,1.4,1.0,15514
Cliff Pennington,Angels,30,117,104,23,4,1,1,11,10,10,28,1,2,1,,.221,.294,.312,.606,.270,,69,0.0,0.3,,-4.3,0.7,0.0,3395,1,3,3,Kendall Graveman,Athletics,Angels,Kendall Graveman,Athletics,8,9,4.44,24,24,0,143.0,159,71,17,98,43,1.41,6.16,2.68,4.28,1.4,1.0,15514
Jose Martinez,,0,1,1,0,0,0,0,0,0,0,0,0,0,0,,.207,.248,.264,.512,.228,,37,0.0,0.0,,-0.1,0.0,0.0,sa736960,1,5,5,Mat Latos,Blue Jays,Cardinals,Mat Latos,Blue Jays,2,2,5.02,6,6,0,32.0,34,18,5,23,12,1.45,6.38,3.33,4.90,0.2,0.1,3815
Jose Martinez,,0,1,1,0,0,0,0,0,0,0,0,0,0,0,,.173,.215,.251,.466,.206,,-100,0.0,0.0,,-0.1,0.0,,sa541954,1,5,5,Mat Latos,Blue Jays,Cardinals,Mat Latos,Blue Jays,2,2,5.02,6,6,0,32.0,34,18,5,23,12,1.45,6.38,3.33,4.90,0.2,0.1,3815
