"ï»¿""Name""",Team,G,PA,AB,H,2B,3B,HR,R,RBI,BB,SO,HBP,SB,CS,-1,AVG,OBP,SLG,OPS,wOBA,-1,wRC+,BsR,Fld,-1,Off,Def,WAR,playerid,game_hits,game_ab,game_pa,opposing_pitcher,opposing_team,stadium
Mike Trout,Angels,126,554,455,138,27,5,28,88,87,86,116,7,17,7,,.304,.419,.570,.989,.414,,168,3.3,0.5,,48.9,1.7,7.1,10155,1,5,5,Sean Manaea,Athletics,Angels
Bryce Harper,Nationals,123,532,428,126,25,1,28,83,83,96,97,3,12,7,,.293,.423,.551,.974,.406,,154,0.7,4.0,,36.3,-1.4,5.3,11579,4,4,5,Tyler Chatwood,Rockies,Rockies
Joey Votto,Reds,126,552,445,128,26,1,21,76,68,97,102,4,6,3,,.287,.416,.489,.906,.386,,140,-2.0,0.8,,25.3,-8.8,3.5,4314,1,4,4,Wily Peralta,Brewers,Brewers
Anthony Rizzo,Cubs,129,557,469,131,28,2,28,81,86,69,89,14,7,5,,.280,.385,.526,.911,.385,,141,-0.8,5.5,,27.2,-4.4,4.1,3473,2,4,5,Tyler Glasnow,Pirates,Pirates
Paul Goldschmidt,Diamondbacks,126,549,451,129,29,2,22,77,74,89,121,4,16,7,,.287,.405,.506,.911,.384,,135,1.0,3.6,,25.0,-5.3,3.8,9218,3,4,5,Trevor Cahill,Padres,D-backs
Giancarlo Stanton,Marlins,109,465,400,107,20,1,31,67,81,58,130,3,2,1,,.269,.364,.558,.921,.384,,141,0.0,1.0,,23.6,-4.3,3.5,4949,0,3,4,Vince Velasquez,Phillies,Phillies
Freddie Freeman,Braves,131,571,479,134,28,3,25,77,79,80,128,7,5,3,,.280,.387,.505,.892,.376,,135,0.0,3.2,,24.4,-6.7,3.7,5361,2,4,5,Robert Gsellman,Mets,Mets
Manny Machado,Orioles,128,564,505,147,30,1,30,82,88,49,92,3,6,4,,.292,.356,.531,.887,.373,,134,-0.3,11.0,,22.5,13.0,5.6,11493,2,4,5,Alex Cobb,Rays,Orioles
Mookie Betts,Red Sox,128,564,508,156,33,3,21,82,80,47,60,3,18,8,,.308,.368,.509,.876,.373,,131,3.1,9.7,,23.8,3.9,4.8,13611,2,4,4,Luis Severino,Yankees,Red Sox
Nolan Arenado,Rockies,129,555,503,146,31,4,29,78,91,44,85,4,3,2,,.290,.349,.542,.890,.372,,115,-0.6,7.8,,9.5,9.8,3.8,9777,1,4,4,Tanner Roark,Nationals,Rockies
Eric Thames,Brewers,112,476,416,114,21,1,27,68,69,49,114,6,10,5,,.275,.356,.526,.882,.371,,128,-0.4,0.5,,16.3,-6.7,2.5,3711,1,3,5,Rookie Davis,Reds,Brewers
Kris Bryant,Cubs,128,564,482,130,27,2,26,81,76,66,135,10,9,5,,.270,.366,.494,.860,.367,,129,2.4,4.7,,22.6,6.7,4.8,15429,3,4,5,Tyler Glasnow,Pirates,Pirates
Andrew McCutchen,Pirates,127,555,475,133,25,3,19,72,71,69,114,6,7,4,,.281,.376,.468,.844,.362,,128,0.3,-6.6,,19.6,-9.8,2.8,9847,1,4,4,Jon Lester,Cubs,Pirates
Carlos Santana,Indians,130,578,477,121,26,2,23,83,70,91,97,3,6,3,,.254,.373,.456,.829,.359,,125,-1.2,0.8,,16.1,-9.3,2.7,2396,2,4,5,Lance McCullers Jr.,Astros,Indians
Yasiel Puig,Dodgers,111,456,403,114,22,3,18,57,62,41,87,5,7,5,,.283,.355,.482,.837,.358,,127,-0.4,0.5,,14.9,-4.4,2.6,14225,2,3,4,Johnny Cueto,Giants,Giants
Buster Posey,Giants,111,474,420,126,24,1,14,56,62,47,54,3,2,1,,.300,.371,.464,.835,.357,,127,-2.0,6.0,,13.8,8.6,3.8,9166,2,4,4,Alex Wood,Dodgers,Giants
Miguel Sano,Twins,114,487,417,103,21,2,26,65,74,63,157,2,2,1,,.246,.346,.494,.840,.357,,123,-1.2,0.5,,12.3,-0.1,2.9,12164,3,4,4,Cole Hamels,Rangers,Rangers
Ryan Braun,Brewers,111,482,429,120,22,2,22,63,68,44,96,4,12,6,,.279,.349,.495,.844,.356,,118,-1.1,-3.1,,9.7,-8.1,1.7,3410,2,5,5,Rookie Davis,Reds,Brewers
Christian Yelich,Marlins,127,558,488,143,29,2,15,71,65,60,111,3,10,5,,.292,.371,.454,.825,.355,,122,1.0,-3.5,,16.1,-1.5,3.3,11477,0,4,4,Vince Velasquez,Phillies,Phillies
Hanley Ramirez,Red Sox,113,475,422,118,24,1,20,63,71,44,88,5,6,3,,.279,.351,.481,.831,.354,,118,-1.3,-0.4,,9.0,-12.5,1.3,8001,1,3,4,Luis Severino,Yankees,Red Sox
Daniel Murphy,Nationals,117,500,460,144,32,3,13,63,67,31,51,4,4,2,,.313,.359,.478,.837,.354,,119,0.7,-7.8,,12.6,-6.0,2.3,4316,2,5,5,Tyler Chatwood,Rockies,Rockies
Carlos Gonzalez,Rockies,121,518,469,131,28,2,24,67,78,42,111,2,2,1,,.280,.339,.497,.836,.353,,102,-0.1,-0.4,,1.3,-5.7,1.2,7287,0,3,4,Tanner Roark,Nationals,Rockies
Kyle Schwarber,Cubs,110,490,419,107,19,1,22,69,60,60,124,5,5,3,,.256,.353,.469,.821,.352,,119,0.3,-0.4,,11.7,-4.7,2.3,16478,0,4,5,Tyler Glasnow,Pirates,Pirates
Nelson Cruz,Mariners,124,526,467,123,21,1,28,69,83,49,131,5,2,1,,.264,.338,.493,.832,.352,,125,-2.6,-0.3,,13.3,-13.6,1.8,2434,2,4,5,Daniel Norris,Tigers,Tigers
Edwin Encarnacion,Indians,120,512,439,109,21,0,26,69,78,64,104,5,2,1,,.248,.348,.472,.820,.351,,119,-1.1,-0.2,,10.7,-11.7,1.7,2151,1,3,4,Lance McCullers Jr.,Astros,Indians
Matt Holliday,Yankees,102,431,373,99,19,1,17,55,58,47,82,7,1,1,,.266,.356,.457,.813,.350,,120,-1.6,-0.4,,8.6,-9.4,1.4,1873,0,3,5,Rick Porcello,Red Sox,Red Sox
Charlie Blackmon,Rockies,126,570,514,148,26,6,19,82,62,38,96,9,20,9,,.289,.346,.475,.821,.350,,100,1.2,-9.1,,1.6,-7.2,1.3,7859,1,3,5,Tanner Roark,Nationals,Rockies
Corey Seager,Dodgers,127,561,506,144,31,3,20,75,68,45,105,4,4,3,,.285,.345,.473,.818,.349,,121,1.0,2.9,,15.7,8.2,4.3,13624,2,5,5,Johnny Cueto,Giants,Giants
Justin Upton,Tigers,128,531,466,121,24,2,24,69,75,56,141,4,9,5,,.259,.341,.474,.815,.347,,117,0.7,-3.9,,11.7,-9.2,2.1,5222,1,4,4,James Paxton,Mariners,Tigers
Brandon Belt,Giants,121,516,439,114,26,4,15,63,60,67,128,4,4,2,,.260,.360,.443,.803,.347,,120,-0.3,5.7,,12.5,-2.7,2.7,10264,0,2,4,Alex Wood,Dodgers,Giants
Trea Turner,Nationals,125,546,501,151,27,7,13,75,59,35,107,2,35,14,,.301,.347,.463,.809,.346,,114,1.7,-2.1,,11.2,3.9,3.3,16252,3,5,5,Tyler Chatwood,Rockies,Rockies
Seth Smith,Orioles,91,390,336,88,20,1,14,52,46,44,79,5,1,1,,.262,.352,.452,.804,.346,,115,-0.8,-1.7,,6.4,-4.9,1.5,7331,2,5,6,Alex Cobb,Rays,Orioles
Mark Reynolds,Rockies,45,183,161,42,8,0,8,22,25,19,47,1,1,1,,.262,.342,.465,.807,.346,,97,-0.5,-0.4,,-1.1,-3.7,0.1,7619,2,4,4,Tanner Roark,Nationals,Rockies
Michael Brantley,Indians,94,401,357,104,23,1,11,50,52,37,48,3,9,4,,.290,.359,.448,.807,.346,,115,0.4,-1.9,,7.9,-6.0,1.6,4106,2,4,4,Lance McCullers Jr.,Astros,Indians
Carlos Correa,Astros,127,550,482,130,27,2,19,70,73,59,104,4,10,5,,.270,.352,.452,.804,.345,,119,0.7,-2.0,,13.1,4.0,3.7,14162,1,4,5,Trevor Bauer,Indians,Indians
Justin Turner,Dodgers,116,502,449,126,28,1,15,61,64,39,85,9,4,2,,.280,.347,.452,.799,.344,,118,-0.7,4.3,,10.7,5.9,3.3,5235,3,5,5,Johnny Cueto,Giants,Giants
Chris Davis,Orioles,127,539,460,106,20,0,30,72,80,68,178,6,1,1,,.230,.335,.472,.806,.344,,114,0.9,2.3,,9.8,-7.7,2.1,9272,1,3,5,Alex Cobb,Rays,Orioles
Yoenis Cespedes,Mets,119,512,463,122,24,2,25,64,74,40,110,4,4,2,,.264,.325,.488,.813,.342,,116,0.5,2.6,,10.9,-2.7,2.5,13110,1,4,4,Julio Teheran,Braves,Mets
Xander Bogaerts,Red Sox,128,551,497,146,28,1,14,69,67,43,87,4,8,5,,.294,.353,.439,.792,.342,,110,1.2,-1.3,,7.7,4.4,3.2,12161,0,4,4,Luis Severino,Yankees,Red Sox
Marcell Ozuna,Marlins,124,514,468,130,25,3,20,61,72,38,111,3,2,1,,.277,.333,.472,.805,.342,,113,0.2,5.5,,8.7,-0.8,2.5,10324,0,4,4,Vince Velasquez,Phillies,Phillies
Robinson Cano,Mariners,127,552,501,143,27,1,20,68,76,42,79,4,2,1,,.285,.342,.464,.806,.342,,118,-2.0,-0.6,,9.9,1.3,3.1,3269,1,4,5,Daniel Norris,Tigers,Tigers
Anthony Rendon,Nationals,121,517,453,123,28,2,14,65,60,54,93,5,7,4,,.272,.352,.435,.787,.341,,110,0.4,4.6,,7.1,6.5,3.1,12861,0,5,5,Tyler Chatwood,Rockies,Rockies
DJ LeMahieu,Rockies,125,549,490,149,24,5,7,70,51,48,83,3,10,6,,.303,.366,.419,.785,.341,,94,-0.4,2.1,,-4.4,3.9,1.7,9874,0,4,5,Tanner Roark,Nationals,Rockies
Aaron Judge,Yankees,94,369,325,82,13,1,18,47,51,36,105,3,3,2,,.252,.330,.468,.797,.340,,113,0.0,1.4,,5.7,-2.6,1.6,15640,1,3,4,Rick Porcello,Red Sox,Red Sox
Francisco Lindor,Indians,129,568,510,148,27,3,15,73,68,47,80,3,14,8,,.290,.351,.440,.791,.340,,112,-1.0,13.9,,7.1,19.7,4.7,12916,1,3,4,Lance McCullers Jr.,Astros,Indians
Khris Davis,Athletics,123,522,468,116,23,2,28,66,80,44,138,5,3,2,,.248,.317,.485,.801,.340,,117,-1.0,-4.2,,9.6,-10.3,1.7,9112,1,3,5,Matt Shoemaker,Angels,Angels
Wil Myers,Padres,121,526,466,121,22,3,21,64,65,51,124,3,15,7,,.260,.334,.459,.794,.340,,114,0.9,4.0,,10.1,-4.9,2.2,10047,0,5,5,Zack Godley,D-backs,D-backs
A.J. Pollock,Diamondbacks,114,509,458,130,28,4,13,67,51,41,77,3,23,10,,.283,.343,.446,.789,.340,,106,0.6,4.1,,4.1,5.7,2.7,9256,3,5,5,Trevor Cahill,Padres,D-backs
Shin-Soo Choo,Rangers,108,478,403,103,20,1,13,63,50,60,111,9,8,5,,.255,.362,.411,.773,.340,,109,-0.2,-0.4,,4.8,-11.3,1.0,3174,3,5,5,Hector Santiago,Twins,Rangers
Michael Conforto,Mets,77,316,280,73,15,1,13,37,40,29,66,3,2,1,,.261,.335,.459,.794,.339,,114,0.4,3.0,,6.0,2.1,1.9,16376,0,4,4,Julio Teheran,Braves,Mets
Mike Moustakas,Royals,116,501,451,119,26,1,21,65,66,38,74,6,2,1,,.264,.326,.468,.794,.339,,110,-1.2,3.0,,4.8,3.1,2.5,4892,0,5,5,Jose Quintana,White Sox,White Sox
Eric Hosmer,Royals,128,551,493,136,26,2,18,65,72,50,100,3,4,2,,.276,.344,.447,.791,.339,,110,-1.1,-0.1,,5.3,-10.0,1.4,3516,3,5,5,Jose Quintana,White Sox,White Sox
Jackie Bradley Jr.,Red Sox,113,449,394,104,23,4,13,55,55,43,103,5,6,3,,.264,.342,.446,.788,.338,,107,0.4,6.1,,4.2,7.8,2.8,12984,0,3,4,Luis Severino,Yankees,Red Sox
Jose Ramirez,Indians,122,506,457,132,29,2,11,61,60,41,52,3,16,9,,.289,.347,.434,.782,.337,,110,1.5,3.8,,7.5,5.6,3.1,13510,1,3,4,Lance McCullers Jr.,Astros,Indians
Andrew Benintendi,Red Sox,112,480,433,124,29,5,9,61,54,36,68,4,10,6,,.287,.346,.437,.783,.337,,106,0.0,-0.7,,3.5,-1.6,1.9,17901,0,3,4,Luis Severino,Yankees,Red Sox
Maikel Franco,Phillies,124,534,488,132,26,1,24,64,75,37,84,4,2,1,,.270,.323,.472,.795,.337,,109,0.0,-1.9,,6.1,0.0,2.4,12179,3,4,4,Wei-Yin Chen,Marlins,Phillies
Josh Bell,Pirates,105,438,384,107,20,2,11,51,49,46,68,3,4,3,,.277,.355,.425,.780,.336,,111,-0.5,-2.2,,5.5,-7.5,1.2,13145,2,3,3,Jon Lester,Cubs,Pirates
Yasmani Grandal,Dodgers,97,391,329,76,14,1,16,46,49,56,96,2,2,1,,.232,.345,.427,.772,.336,,113,-1.7,0.1,,4.4,6.5,2.4,11368,1,5,5,Johnny Cueto,Giants,Giants
Hyun Soo Kim,Orioles,86,358,318,89,14,1,10,45,39,32,51,4,4,2,,.279,.350,.423,.773,.335,,108,0.0,-4.5,,3.2,-7.0,0.9,18718,1,4,5,Alex Cobb,Rays,Orioles
Mark Trumbo,Orioles,116,486,441,112,20,1,26,62,73,37,122,2,2,1,,.254,.312,.477,.789,.335,,107,-0.9,-1.8,,3.3,-10.9,0.9,6876,0,5,5,Alex Cobb,Rays,Orioles
Matt Kemp,Braves,124,528,484,130,28,1,22,61,74,36,128,3,3,2,,.269,.321,.466,.787,.334,,107,-1.0,-12.5,,3.5,-18.3,0.2,5631,2,5,5,Robert Gsellman,Mets,Mets
Ryan Zimmerman,Nationals,95,391,352,92,19,1,16,46,55,32,86,3,3,2,,.261,.324,.455,.780,.334,,106,-0.4,-0.7,,2.4,-6.9,0.8,4220,3,5,5,Tyler Chatwood,Rockies,Rockies
Jason Heyward,Cubs,110,450,395,107,21,2,11,51,51,45,70,4,10,5,,.270,.348,.420,.768,.334,,107,1.4,11.4,,5.1,8.7,2.9,4940,1,3,5,Tyler Glasnow,Pirates,Pirates
Adam Eaton,Nationals,126,569,503,143,27,5,8,75,49,49,97,9,13,6,,.285,.356,.408,.764,.334,,106,2.0,-4.8,,5.9,-4.2,2.0,11205,1,5,5,Tyler Chatwood,Rockies,Rockies
Trevor Story,Rockies,117,481,430,108,24,3,20,59,65,42,138,4,10,5,,.251,.321,.462,.783,.334,,89,0.5,-2.0,,-5.8,3.2,1.3,12564,0,3,3,Tanner Roark,Nationals,Rockies
Brian Dozier,Twins,128,571,499,123,27,2,22,76,68,59,114,6,14,7,,.247,.331,.445,.777,.332,,106,1.4,-1.4,,5.6,0.5,2.6,9810,1,4,5,Cole Hamels,Rangers,Rangers
Josh Reddick,Astros,97,396,355,94,17,2,14,48,51,35,59,1,6,3,,.264,.330,.444,.774,.331,,109,0.9,2.3,,5.3,-1.2,1.8,3892,0,3,5,Trevor Bauer,Indians,Indians
Kennys Vargas,Twins,63,258,225,55,10,1,11,30,33,28,69,2,1,0,,.245,.331,.438,.769,.331,,105,-0.2,0.0,,1.4,-6.6,0.4,12101,1,4,4,Cole Hamels,Rangers,Rangers
Rougned Odor,Rangers,126,526,490,131,25,4,22,66,75,24,97,6,11,7,,.267,.307,.474,.781,.331,,103,1.0,-5.0,,2.6,-3.0,1.8,12282,2,3,5,Hector Santiago,Twins,Rangers
Evan Longoria,Rays,125,542,488,127,26,2,22,65,73,45,117,4,2,1,,.260,.326,.454,.780,.331,,110,-0.2,4.6,,6.0,5.1,3.0,9368,1,5,5,Dylan Bundy,Orioles,Orioles
Melky Cabrera,White Sox,124,537,489,140,28,2,12,60,60,40,66,2,2,1,,.286,.340,.426,.766,.330,,106,-1.9,-7.4,,1.7,-13.3,0.7,4022,1,4,4,Nathan Karns,Royals,White Sox
David Peralta,Diamondbacks,109,465,424,116,22,6,13,54,54,32,97,4,7,4,,.273,.327,.445,.772,.330,,99,0.5,-1.5,,-0.1,-6.3,0.9,2136,2,2,5,Trevor Cahill,Padres,D-backs
Jake Lamb,Diamondbacks,119,502,443,111,23,5,17,58,63,52,131,3,4,3,,.251,.331,.442,.772,.330,,99,1.0,-3.8,,0.2,-2.0,1.5,13329,1,5,5,Trevor Cahill,Padres,D-backs
Adam Jones,Orioles,124,548,507,136,24,1,24,71,72,29,101,6,3,2,,.269,.314,.460,.774,.329,,104,1.0,-3.7,,3.3,-1.8,2.1,6368,1,5,5,Alex Cobb,Rays,Orioles
Justin Bour,Marlins,117,478,424,109,20,1,19,55,63,47,96,2,1,1,,.258,.333,.444,.776,.329,,105,-1.9,-0.4,,0.9,-8.5,0.8,9744,1,3,4,Vince Velasquez,Phillies,Phillies
Joey Gallo,Rangers,45,176,151,33,6,1,10,22,25,21,64,1,2,1,,.218,.317,.458,.775,.329,,102,0.3,0.6,,0.6,1.3,0.8,14128,1,2,5,Hector Santiago,Twins,Rangers
Neil Walker,Mets,112,467,415,107,19,1,17,53,58,42,87,5,2,1,,.257,.331,.434,.764,.329,,107,0.0,-2.9,,4.1,-1.1,1.8,7539,0,3,4,Julio Teheran,Braves,Mets
Mike Napoli,Rangers,116,486,415,95,18,1,21,59,64,61,138,5,3,2,,.229,.333,.427,.760,.328,,101,-2.0,1.4,,-1.4,-7.8,0.7,3057,0,5,5,Hector Santiago,Twins,Rangers
Willson Contreras,Cubs,95,379,339,90,18,1,11,41,46,31,75,5,4,3,,.265,.333,.426,.759,.328,,103,-0.3,-0.1,,1.1,5.9,1.9,11609,1,5,5,Tyler Glasnow,Pirates,Pirates
Joe Panik,Giants,113,473,420,118,21,4,8,52,46,43,48,4,4,2,,.280,.349,.406,.755,.328,,107,0.5,3.7,,4.8,5.3,2.6,11936,0,4,4,Alex Wood,Dodgers,Giants
Jayson Werth,Nationals,106,443,385,97,19,1,13,51,50,49,105,4,3,2,,.253,.341,.411,.752,.328,,102,0.3,-6.0,,1.2,-10.3,0.5,1327,1,2,4,Tyler Chatwood,Rockies,Rockies
Alex Bregman,Astros,121,515,459,121,25,3,15,62,60,44,83,5,8,5,,.263,.332,.427,.759,.328,,107,0.3,-3.1,,4.5,-1.3,2.1,17678,0,4,4,Trevor Bauer,Indians,Indians
Albert Pujols,Angels,113,482,437,114,20,0,21,58,70,37,63,3,2,1,,.260,.321,.454,.775,.328,,109,-3.7,0.1,,1.6,-11.9,0.6,1177,2,5,5,Sean Manaea,Athletics,Angels
Victor Martinez,Tigers,120,509,458,125,22,1,16,60,67,41,75,5,1,0,,.273,.337,.430,.767,.328,,104,-4.9,0.0,,-2.6,-13.0,0.2,393,1,3,4,James Paxton,Mariners,Tigers
Hunter Pence,Giants,104,447,403,107,20,2,14,50,55,38,95,2,2,1,,.265,.328,.428,.756,.326,,106,0.2,0.9,,3.6,-3.3,1.5,8252,0,4,5,Alex Wood,Dodgers,Giants
Yasmany Tomas,Diamondbacks,103,423,393,105,21,2,17,47,58,23,105,2,3,2,,.267,.309,.459,.768,.326,,96,-1.2,-7.7,,-3.2,-11.6,-0.1,17171,0,5,5,Trevor Cahill,Padres,D-backs
Jason Kipnis,Indians,123,542,478,126,28,3,12,69,57,52,107,5,10,5,,.263,.339,.408,.748,.325,,102,1.1,-1.4,,2.2,0.6,2.2,9776,2,4,4,Lance McCullers Jr.,Astros,Indians
Eugenio Suarez,Reds,118,482,432,110,21,2,17,52,59,40,109,5,6,4,,.256,.324,.430,.754,.325,,99,-0.6,-0.2,,-1.1,1.5,1.6,12552,0,4,4,Wily Peralta,Brewers,Brewers
Adrian Gonzalez,Dodgers,116,493,439,115,23,0,16,56,63,46,93,3,1,1,,.261,.334,.426,.760,.325,,105,-2.3,2.3,,0.9,-4.9,1.2,1908,0,4,5,Johnny Cueto,Giants,Giants
Kole Calhoun,Angels,125,554,493,127,25,2,17,68,63,49,116,4,3,2,,.258,.329,.422,.751,.325,,107,0.8,4.5,,5.5,-1.2,2.4,11200,3,5,5,Sean Manaea,Athletics,Angels
Brad Miller,Rays,110,468,415,103,19,5,16,55,57,45,110,3,6,4,,.248,.324,.430,.754,.324,,105,0.3,-3.5,,3.3,-2.0,1.8,12775,0,5,5,Dylan Bundy,Orioles,Orioles
Lorenzo Cain,Royals,108,472,425,119,24,2,9,53,50,37,91,5,15,7,,.280,.342,.407,.749,.324,,100,0.7,6.8,,0.5,8.5,2.6,9077,0,5,5,Jose Quintana,White Sox,White Sox
Matt Joyce,Athletics,99,409,342,79,16,2,12,47,43,58,94,4,3,2,,.232,.347,.391,.738,.324,,106,0.2,-4.5,,3.0,-8.8,0.8,3353,2,4,4,Matt Shoemaker,Angels,Angels
Evan Gattis,Astros,83,338,306,75,14,1,17,41,49,24,76,3,1,1,,.244,.304,.463,.767,.324,,104,-0.9,-0.4,,0.8,-1.0,1.1,11003,1,4,4,Trevor Bauer,Indians,Indians
Tommy Joseph,Phillies,117,480,442,111,21,1,23,54,67,29,99,5,3,2,,.251,.302,.457,.759,.323,,100,-0.6,0.1,,-0.4,-7.7,0.7,10349,1,4,4,Wei-Yin Chen,Marlins,Phillies
Mitch Moreland,Red Sox,104,419,375,96,24,1,14,49,53,34,98,5,1,1,,.256,.323,.435,.758,.323,,97,-1.2,3.8,,-3.0,-4.1,0.7,3086,0,2,3,Luis Severino,Yankees,Red Sox
Travis Shaw,Brewers,94,384,344,85,17,1,16,42,49,33,88,3,3,2,,.248,.315,.441,.757,.323,,96,-0.5,-1.8,,-2.2,-1.2,0.9,11982,2,5,5,Rookie Davis,Reds,Brewers
Gregory Polanco,Pirates,123,532,474,124,27,3,15,62,60,50,101,2,18,9,,.261,.331,.421,.753,.323,,102,0.7,3.1,,2.3,-2.5,1.7,12907,1,4,4,Jon Lester,Cubs,Pirates
Yonder Alonso,Athletics,94,378,336,91,20,1,8,40,40,35,54,2,3,2,,.270,.340,.404,.744,.323,,105,-1.2,2.1,,1.1,-3.9,1.0,2530,2,4,4,Matt Shoemaker,Angels,Angels
Robbie Grossman,Twins,92,372,316,79,16,1,7,41,36,48,86,2,4,3,,.251,.352,.376,.728,.322,,99,-0.1,-2.4,,-0.5,-10.6,0.2,5254,1,4,4,Cole Hamels,Rangers,Rangers
Addison Russell,Cubs,121,489,434,109,23,2,16,54,61,43,104,5,5,3,,.252,.324,.425,.749,.322,,99,0.5,9.9,,-0.3,15.3,3.1,14106,0,5,5,Tyler Glasnow,Pirates,Pirates
Curtis Granderson,Mets,117,513,440,102,19,3,19,63,54,61,115,5,5,2,,.231,.329,.414,.743,.322,,103,0.8,-7.7,,2.4,-8.2,1.1,4747,0,4,4,Julio Teheran,Braves,Mets
Ian Kinsler,Tigers,126,567,512,136,26,3,15,72,60,40,89,6,9,5,,.265,.325,.419,.743,.322,,100,0.8,2.9,,0.5,4.8,2.5,6195,0,4,4,James Paxton,Mariners,Tigers
Logan Morrison,Rays,85,347,305,74,14,1,13,39,41,34,66,3,3,2,,.244,.324,.421,.745,.322,,103,-0.6,-0.9,,0.8,-6.5,0.6,9205,1,4,5,Dylan Bundy,Orioles,Orioles
Martin Prado,Marlins,114,496,449,127,24,2,9,57,48,36,62,4,2,1,,.282,.338,.403,.741,.321,,99,-1.5,2.2,,-2.0,4.0,1.8,3312,1,4,4,Vince Velasquez,Phillies,Phillies
Francisco Cervelli,Pirates,92,366,316,84,16,1,5,34,35,40,70,5,3,2,,.266,.355,.367,.722,.321,,101,-0.7,-3.5,,-0.4,2.5,1.4,5275,1,3,4,Jon Lester,Cubs,Pirates
Yangervis Solarte,Padres,117,492,444,119,24,2,12,50,53,38,60,5,2,1,,.268,.331,.410,.741,.320,,101,-1.4,-4.2,,-0.9,-2.5,1.3,5352,2,5,5,Zack Godley,D-backs,D-backs
Todd Frazier,White Sox,130,546,487,114,23,1,24,64,73,50,126,5,11,6,,.235,.310,.434,.744,.320,,98,0.1,0.8,,-1.1,0.2,1.8,785,1,4,4,Nathan Karns,Royals,White Sox
Jonathan Schoop,Orioles,120,478,448,117,23,1,21,56,65,19,99,6,2,1,,.261,.297,.454,.751,.319,,97,-0.3,-1.0,,-2.1,0.8,1.5,11265,2,4,5,Alex Cobb,Rays,Orioles
Chase Headley,Yankees,109,438,385,97,19,1,12,49,48,43,98,5,5,3,,.253,.334,.398,.732,.319,,98,-0.2,3.1,,-1.0,4.5,1.9,4720,1,4,5,Rick Porcello,Red Sox,Red Sox
Michael Saunders,Phillies,104,428,374,89,20,2,14,46,49,47,113,3,2,1,,.239,.326,.413,.739,.319,,98,0.9,-3.2,,-0.4,-6.9,0.7,9981,1,3,4,Wei-Yin Chen,Marlins,Phillies
Corey Dickerson,Rays,110,464,424,108,26,2,18,54,58,31,110,2,2,2,,.254,.307,.449,.756,.319,,102,-0.2,-0.1,,0.8,-9.0,0.8,10762,1,3,3,Dylan Bundy,Orioles,Orioles
Lonnie Chisenhall,Indians,106,418,380,101,22,2,11,46,50,29,77,3,4,2,,.266,.320,.423,.743,.319,,97,0.6,-4.7,,-0.9,-3.2,1.0,7571,1,3,4,Lance McCullers Jr.,Astros,Indians
Avisail Garcia,White Sox,116,465,421,111,17,2,14,49,53,33,112,5,6,4,,.264,.323,.414,.737,.319,,97,-0.7,-2.9,,-2.2,-8.2,0.6,5760,1,4,4,Nathan Karns,Royals,White Sox
Jay Bruce,Mets,108,450,404,96,21,3,20,52,61,40,101,2,4,2,,.236,.306,.447,.753,.319,,101,-0.3,-3.1,,0.0,-9.2,0.5,9892,2,2,4,Julio Teheran,Braves,Mets
J.T. Realmuto,Marlins,99,403,370,103,20,2,9,41,45,24,66,3,7,4,,.278,.325,.416,.741,.318,,97,0.2,1.2,,-1.2,7.0,1.9,11739,2,4,4,Vince Velasquez,Phillies,Phillies
Odubel Herrera,Phillies,127,560,499,135,23,3,11,63,51,49,118,5,16,8,,.271,.339,.393,.733,.318,,97,0.3,2.5,,-2.1,4.3,2.1,11476,1,4,4,Wei-Yin Chen,Marlins,Phillies
Brett Gardner,Yankees,110,490,426,107,21,3,9,61,44,52,99,5,12,5,,.252,.338,.382,.721,.318,,97,1.8,1.9,,0.1,-2.5,1.5,9927,1,4,5,Rick Porcello,Red Sox,Red Sox
Carlos Beltran,Astros,107,451,413,108,23,1,15,52,59,30,86,3,1,1,,.260,.312,.430,.742,.317,,100,-2.0,-0.4,,-2.1,-10.2,0.3,589,0,4,5,Trevor Bauer,Indians,Indians
Elvis Andrus,Rangers,122,490,442,123,24,4,6,54,49,38,63,3,20,9,,.278,.338,.391,.728,.317,,93,1.4,-4.0,,-2.5,1.6,1.6,8709,2,4,5,Hector Santiago,Twins,Rangers
Alex Gordon,Royals,113,479,417,102,21,1,13,54,49,48,121,9,5,3,,.245,.333,.394,.728,.317,,95,0.7,7.1,,-2.2,1.9,1.6,5209,1,3,4,Jose Quintana,White Sox,White Sox
Yunel Escobar,Angels,108,478,429,120,21,1,7,55,43,38,61,4,3,2,,.279,.340,.382,.722,.317,,102,-2.2,-3.5,,-1.1,-1.9,1.4,4191,0,5,5,Sean Manaea,Athletics,Angels
Carlos Gomez,Rangers,112,490,438,110,24,1,15,61,52,37,124,8,15,6,,.251,.319,.412,.731,.316,,93,1.3,1.4,,-2.9,3.1,1.7,4881,1,5,5,Hector Santiago,Twins,Rangers
Gerardo Parra,Rockies,67,274,254,70,15,2,6,29,31,14,49,2,5,3,,.276,.317,.420,.738,.316,,78,-0.4,0.6,,-8.0,-2.1,-0.1,8553,1,4,4,Tanner Roark,Nationals,Rockies
Cheslor Cuthbert,Royals,32,130,119,31,6,0,4,14,15,9,22,1,1,0,,.265,.318,.414,.732,.316,,94,-0.3,-0.1,,-1.2,0.3,0.4,10473,1,4,4,Jose Quintana,White Sox,White Sox
Robinson Chirinos,Rangers,25,94,83,19,4,0,4,11,12,8,23,2,1,0,,.233,.308,.422,.731,.316,,92,-0.2,0.6,,-1.1,2.3,0.4,3142,1,4,5,Hector Santiago,Twins,Rangers
Scott Schebler,Reds,100,406,367,90,15,3,16,44,51,27,92,7,5,3,,.245,.308,.433,.741,.315,,93,0.3,2.0,,-3.4,-2.0,0.8,12225,2,4,4,Wily Peralta,Brewers,Brewers
Stephen Vogt,Athletics,102,431,389,100,21,2,12,48,49,34,71,3,1,1,,.258,.320,.411,.731,.314,,99,-0.3,0.9,,-0.7,5.9,2.0,5000,1,4,4,Matt Shoemaker,Angels,Angels
Brian McCann,Astros,91,371,325,75,11,1,15,43,47,37,69,5,1,0,,.232,.318,.410,.728,.314,,97,-1.7,1.7,,-2.9,8.6,1.9,4810,1,5,5,Trevor Bauer,Indians,Indians
Trevor Plouffe,Athletics,106,429,387,95,20,1,15,47,52,35,90,3,1,1,,.245,.310,.418,.727,.314,,99,-1.2,-4.9,,-1.8,-5.4,0.8,7462,0,3,4,Matt Shoemaker,Angels,Angels
Steven Souza Jr.,Rays,112,460,407,98,18,2,16,50,52,43,141,4,7,4,,.240,.315,.408,.724,.314,,98,1.1,1.5,,0.0,-3.4,1.2,5667,0,5,5,Dylan Bundy,Orioles,Orioles
Cesar Hernandez,Phillies,125,551,487,132,19,6,6,61,43,53,109,3,16,9,,.270,.342,.373,.716,.314,,94,0.4,0.9,,-3.8,2.8,1.7,10556,0,4,4,Wei-Yin Chen,Marlins,Phillies
Salvador Perez,Royals,105,430,403,105,20,1,17,48,57,18,79,4,1,0,,.261,.296,.443,.740,.313,,92,-2.0,6.4,,-5.9,11.1,2.0,7304,0,5,5,Jose Quintana,White Sox,White Sox
Nick Markakis,Braves,129,557,490,130,25,1,9,59,53,56,85,4,2,1,,.265,.343,.377,.720,.313,,93,-1.0,-2.1,,-5.9,-8.0,0.4,5930,3,4,5,Robert Gsellman,Mets,Mets
Guillermo Heredia,Mariners,72,290,258,69,12,1,4,32,27,24,43,4,6,3,,.267,.337,.372,.710,.313,,98,0.0,-0.6,,-0.5,-3.8,0.6,18721,2,5,5,Daniel Norris,Tigers,Tigers
Starlin Castro,Yankees,121,497,463,125,24,1,15,54,60,25,89,3,3,2,,.270,.310,.420,.730,.312,,94,-1.4,-2.0,,-5.2,-0.2,1.2,4579,0,4,4,Rick Porcello,Red Sox,Red Sox
Ryon Healy,Athletics,119,501,467,124,26,1,15,54,61,26,102,3,1,1,,.267,.307,.422,.729,.312,,98,0.1,-0.7,,-1.3,-8.4,0.7,15447,0,5,5,Matt Shoemaker,Angels,Angels
Adam Duvall,Reds,113,474,435,100,19,2,24,53,68,31,127,5,5,3,,.230,.286,.448,.734,.312,,90,0.3,3.2,,-5.5,-1.7,0.8,10950,1,3,4,Wily Peralta,Brewers,Brewers
Kevin Kiermaier,Rays,119,516,464,118,23,5,12,60,51,40,103,5,17,8,,.255,.318,.403,.721,.312,,96,1.5,14.9,,-0.6,16.5,3.4,11038,0,4,6,Dylan Bundy,Orioles,Orioles
Jonathan Villar,Brewers,127,572,503,125,25,2,14,72,49,57,152,3,40,16,,.248,.326,.388,.714,.311,,88,1.3,-7.2,,-6.9,-5.3,0.6,10071,2,5,5,Rookie Davis,Reds,Brewers
Josh Harrison,Pirates,107,446,415,116,24,4,6,46,44,20,68,6,12,6,,.279,.318,.403,.721,.311,,94,0.9,0.1,,-2.2,1.2,1.4,8202,2,3,4,Jon Lester,Cubs,Pirates
Welington Castillo,Orioles,85,339,307,77,15,0,11,37,40,24,85,4,1,1,,.250,.311,.411,.722,.311,,91,-1.2,0.7,,-5.0,7.2,1.4,3256,2,5,5,Alex Cobb,Rays,Orioles
Jorge Polanco,Twins,95,393,359,96,18,3,7,42,41,27,61,2,7,5,,.269,.321,.395,.716,.311,,91,-0.3,-3.4,,-4.4,0.9,1.0,13152,0,4,4,Cole Hamels,Rangers,Rangers
Andrew Toles,Dodgers,70,298,275,74,15,2,7,34,30,16,54,2,9,5,,.269,.311,.407,.718,.309,,94,0.3,3.1,,-1.7,1.5,0.9,13414,0,4,4,Johnny Cueto,Giants,Giants
Brandon Drury,Diamondbacks,105,426,392,103,23,2,10,42,47,26,76,3,3,2,,.263,.311,.405,.716,.309,,85,-0.7,-3.5,,-8.7,-2.0,0.3,11615,1,1,3,Trevor Cahill,Padres,D-backs
Nick Franklin,Brewers,57,227,202,49,10,1,7,24,25,20,53,1,5,2,,.243,.312,.402,.714,.308,,86,0.3,-1.4,,-3.5,-1.6,0.2,10166,1,4,4,Rookie Davis,Reds,Brewers
Jacoby Ellsbury,Yankees,109,480,431,113,19,3,9,58,46,38,74,4,18,6,,.261,.325,.381,.706,.308,,91,1.9,-1.2,,-3.5,-1.1,1.2,4727,0,4,5,Rick Porcello,Red Sox,Red Sox
Jean Segura,Mariners,123,549,508,139,22,3,12,66,53,26,84,7,21,9,,.273,.315,.397,.712,.308,,95,1.4,-3.8,,-2.0,2.2,1.9,5933,3,6,6,Daniel Norris,Tigers,Tigers
Jed Lowrie,Athletics,97,398,356,92,20,1,7,42,39,34,65,3,1,1,,.258,.325,.380,.705,.308,,95,-0.9,-1.8,,-3.4,-2.2,0.8,4418,2,5,5,Matt Shoemaker,Angels,Angels
Danny Valencia,Mariners,70,285,259,64,13,1,9,30,33,21,66,2,1,1,,.248,.306,.408,.714,.308,,95,-1.0,-0.6,,-2.8,-5.4,0.2,6364,2,5,5,Daniel Norris,Tigers,Tigers
Asdrubal Cabrera,Mets,110,465,421,104,23,1,13,51,49,34,87,4,4,2,,.248,.308,.403,.711,.306,,92,-0.8,-7.9,,-5.1,-3.1,0.7,4962,0,3,4,Julio Teheran,Braves,Mets
Abraham Almonte,Indians,82,316,283,72,16,2,5,35,33,27,70,2,8,4,,.255,.320,.383,.703,.306,,88,-0.1,0.7,,-4.5,-2.0,0.4,5486,0,2,4,Lance McCullers Jr.,Astros,Indians
Andrelton Simmons,Angels,114,450,411,111,20,2,8,46,46,30,43,3,7,4,,.271,.322,.383,.704,.306,,94,-0.8,10.9,,-3.9,16.0,2.8,10847,1,3,5,Sean Manaea,Athletics,Angels
Ryan Rua,Rangers,92,360,324,79,14,1,12,40,42,27,96,4,6,3,,.242,.307,.402,.709,.306,,85,0.1,0.0,,-6.2,-4.3,0.2,12409,2,5,5,Hector Santiago,Twins,Rangers
Javier Baez,Cubs,101,400,366,91,18,1,14,43,50,23,99,6,9,4,,.250,.301,.419,.721,.305,,87,0.6,2.5,,-5.6,3.9,1.1,12979,2,5,5,Tyler Glasnow,Pirates,Pirates
Ender Inciarte,Braves,122,552,503,137,23,4,7,62,43,37,71,3,16,7,,.273,.326,.377,.703,.305,,87,1.2,7.9,,-7.4,9.7,2.0,4922,1,5,6,Robert Gsellman,Mets,Mets
Zack Cozart,Reds,104,440,399,100,20,4,11,46,44,31,73,4,4,2,,.250,.307,.401,.708,.305,,85,0.0,4.4,,-7.9,9.1,1.5,2616,0,2,4,Wily Peralta,Brewers,Brewers
Jon Jay,Cubs,79,312,279,74,14,2,3,30,28,22,62,7,3,2,,.267,.333,.355,.688,.303,,86,0.2,-1.1,,-5.1,-1.1,0.4,5227,2,3,4,Tyler Glasnow,Pirates,Pirates
Adonis Garcia,Braves,93,381,357,95,18,0,10,36,43,16,65,3,3,2,,.268,.304,.403,.707,.303,,86,-1.0,-2.8,,-7.5,-1.5,0.3,13777,2,5,5,Robert Gsellman,Mets,Mets
Aaron Altherr,Phillies,60,246,220,52,12,1,6,25,26,20,63,3,6,3,,.239,.310,.390,.700,.303,,87,-0.1,1.4,,-4.1,-0.1,0.4,11270,1,3,4,Wei-Yin Chen,Marlins,Phillies
Eduardo Nunez,Giants,105,434,402,107,20,3,8,44,44,23,62,3,22,10,,.268,.311,.390,.701,.303,,90,0.6,-1.7,,-4.5,-0.6,0.9,6848,0,4,4,Alex Wood,Dodgers,Giants
Taylor Motter,Mariners,70,275,249,60,13,0,8,30,31,21,54,2,9,4,,.243,.303,.396,.699,.302,,91,-0.1,0.2,,-3.1,2.3,0.9,12399,2,5,5,Daniel Norris,Tigers,Tigers
Marco Hernandez,Red Sox,16,62,57,16,3,1,1,7,6,3,13,0,1,1,,.275,.311,.390,.700,.302,,82,0.1,-0.2,,-1.2,0.1,0.1,13154,1,3,3,Luis Severino,Yankees,Red Sox
Eduardo Escobar,Twins,70,272,249,64,14,2,5,28,28,18,53,2,2,1,,.255,.307,.390,.697,.301,,85,0.3,-0.6,,-4.7,-0.2,0.4,6153,1,4,4,Cole Hamels,Rangers,Rangers
Jefry Marte,Angels,41,166,151,36,7,0,5,18,20,12,36,2,2,1,,.237,.299,.396,.695,.301,,91,-0.2,0.3,,-2.0,-2.1,0.2,5107,2,5,5,Sean Manaea,Athletics,Angels
Jaff Decker,Athletics,53,217,187,44,8,1,4,24,19,24,45,2,7,4,,.235,.327,.356,.683,.301,,90,0.0,-0.9,,-2.6,-3.3,0.2,7945,1,5,5,Matt Shoemaker,Angels,Angels
Shane Peterson,Rays,27,107,96,24,5,0,2,11,11,9,29,1,1,1,,.248,.315,.374,.689,.301,,89,0.0,-0.3,,-1.4,-1.5,0.1,7423,0,3,5,Dylan Bundy,Orioles,Orioles
Jordy Mercer,Pirates,108,425,382,99,20,2,7,40,42,34,68,3,2,1,,.259,.322,.377,.699,.300,,87,0.3,-4.1,,-6.5,0.5,0.8,6547,1,3,4,Jon Lester,Cubs,Pirates
Cameron Maybin,Angels,97,399,355,90,16,2,6,41,37,36,79,2,12,6,,.252,.323,.360,.683,.300,,90,0.2,0.2,,-4.5,-4.0,0.5,5223,3,4,4,Sean Manaea,Athletics,Angels
Hunter Renfroe,Padres,117,485,454,112,21,2,18,48,60,22,113,3,3,2,,.246,.285,.421,.706,.300,,87,0.1,-2.2,,-7.4,-7.4,0.1,15464,1,5,5,Zack Godley,D-backs,D-backs
Ben Gamel,Mariners,33,132,120,31,6,1,2,14,12,10,28,1,3,2,,.262,.318,.374,.692,.300,,89,0.0,-0.5,,-1.6,-1.9,0.1,12160,0,4,5,Daniel Norris,Tigers,Tigers
Chris Owings,Diamondbacks,103,418,387,102,20,6,7,41,41,22,85,3,13,6,,.263,.305,.394,.699,.300,,79,0.6,-3.0,,-10.4,-0.7,0.2,10030,0,4,4,Trevor Cahill,Padres,D-backs
Rickie Weeks Jr.,Rays,46,187,164,36,7,1,6,20,20,17,55,3,2,1,,.221,.305,.379,.683,.300,,88,0.0,0.1,,-2.7,-2.9,0.1,1849,0,1,3,Dylan Bundy,Orioles,Orioles
Jose Osuna,,24,97,90,23,5,0,2,10,11,5,18,1,1,1,,.254,.300,.395,.694,.299,,86,0.0,0.0,,-1.7,-1.1,0.0,sa546540,0,4,4,Jon Lester,Cubs,Pirates
Jose Lobaton,Nationals,35,137,122,29,6,1,3,13,14,12,32,1,1,1,,.240,.312,.370,.682,.298,,82,-0.4,-0.3,,-3.5,2.2,0.3,4243,0,4,5,Tyler Chatwood,Rockies,Rockies
Dansby Swanson,Braves,124,533,483,121,23,3,12,57,50,39,113,4,7,4,,.251,.309,.383,.692,.297,,82,0.5,-0.1,,-11.1,5.2,1.1,18314,1,5,5,Robert Gsellman,Mets,Mets
Jett Bandy,Brewers,60,232,213,50,10,0,8,22,27,12,46,5,1,1,,.237,.289,.400,.689,.297,,79,-0.4,0.8,,-6.5,4.9,0.6,12508,3,4,4,Rookie Davis,Reds,Brewers
Geovany Soto,White Sox,38,148,132,29,6,0,6,16,17,13,40,1,1,1,,.220,.292,.394,.686,.297,,83,-0.5,-0.2,,-3.5,2.5,0.4,3707,1,3,3,Nathan Karns,Royals,White Sox
Eddie Rosario,Twins,90,349,328,84,16,3,9,36,40,15,76,1,6,4,,.258,.290,.407,.697,.297,,82,0.7,2.8,,-6.9,-1.0,0.4,12155,1,4,4,Cole Hamels,Rangers,Rangers
Manuel Margot,Padres,113,497,459,120,21,5,8,52,41,27,73,3,19,11,,.260,.304,.381,.685,.297,,85,0.3,2.3,,-8.6,3.9,1.1,14712,2,5,5,Zack Godley,D-backs,D-backs
Jose Peraza,Reds,105,454,425,118,19,3,5,48,37,19,60,4,24,11,,.279,.313,.371,.684,.297,,80,0.7,3.3,,-10.3,5.3,1.0,13593,1,4,4,Wily Peralta,Brewers,Brewers
Tyler Flowers,Braves,69,266,238,56,11,0,7,24,28,19,80,5,1,0,,.236,.304,.374,.678,.297,,82,-1.0,-1.8,,-7.0,1.1,0.3,9134,2,4,5,Robert Gsellman,Mets,Mets
Ronald Torreyes,Yankees,62,235,217,58,10,2,3,24,23,12,24,2,4,2,,.268,.309,.374,.682,.297,,83,0.3,-0.1,,-4.6,2.3,0.6,11400,1,4,4,Rick Porcello,Red Sox,Red Sox
Jace Peterson,Braves,53,206,179,43,8,1,3,18,18,22,39,1,4,2,,.241,.327,.343,.670,.296,,82,0.0,-1.0,,-4.7,-1.7,0.0,12325,2,5,5,Robert Gsellman,Mets,Mets
Austin Hedges,Padres,96,374,348,84,16,1,14,36,44,18,72,3,2,1,,.240,.282,.414,.695,.296,,85,0.4,0.5,,-6.5,6.8,1.2,12976,1,3,4,Zack Godley,D-backs,D-backs
Dee Gordon,Marlins,124,566,524,145,20,7,3,66,39,31,89,3,39,14,,.278,.319,.359,.679,.296,,82,3.4,0.5,,-8.9,2.4,1.2,8203,1,4,4,Vince Velasquez,Phillies,Phillies
Mike Zunino,Mariners,84,324,290,62,12,0,13,35,39,23,98,6,1,1,,.215,.286,.396,.682,.296,,86,-0.1,2.2,,-5.4,7.8,1.4,13265,1,5,5,Daniel Norris,Tigers,Tigers
Delino DeShields,Rangers,48,200,175,42,8,1,3,23,17,20,48,2,11,5,,.238,.320,.343,.664,.295,,78,1.0,1.0,,-4.4,-1.2,0.1,11379,2,3,6,Hector Santiago,Twins,Rangers
Austin Romine,Yankees,32,124,114,29,6,0,3,13,13,7,22,1,1,1,,.251,.297,.386,.683,.295,,81,-0.1,-0.2,,-2.9,1.9,0.3,5491,0,4,4,Rick Porcello,Red Sox,Red Sox
Mikie Mahtook,Tigers,46,189,173,43,9,1,4,20,20,11,49,3,3,2,,.246,.298,.382,.680,.295,,81,-0.2,0.4,,-4.4,-1.0,0.1,13130,0,4,4,James Paxton,Mariners,Tigers
Jarrod Dyson,Mariners,99,415,373,96,16,4,3,48,33,31,62,5,32,10,,.259,.322,.347,.669,.295,,86,3.6,5.2,,-3.5,3.0,1.4,4866,2,5,5,Daniel Norris,Tigers,Tigers
Leury Garcia,White Sox,56,218,201,53,9,1,3,22,20,12,45,2,10,5,,.263,.308,.368,.676,.293,,80,0.3,-0.6,,-4.9,-0.1,0.2,5913,1,3,3,Nathan Karns,Royals,White Sox
Tyler Saladino,White Sox,83,355,322,80,13,2,7,38,32,24,74,4,12,5,,.248,.305,.365,.670,.293,,80,0.3,0.9,,-8.3,2.2,0.6,10807,1,4,4,Nathan Karns,Royals,White Sox
Marwin Gonzalez,Astros,73,288,265,65,13,1,7,30,32,16,64,3,5,3,,.245,.292,.387,.679,.293,,83,-0.7,-0.9,,-6.5,-3.1,0.0,5497,2,4,4,Trevor Bauer,Indians,Indians
Gorkys Hernandez,Giants,66,264,238,60,11,1,3,25,23,20,56,2,7,4,,.253,.316,.350,.666,.293,,84,-0.1,0.7,,-5.3,0.8,0.4,4146,1,4,4,Alex Wood,Dodgers,Giants
Whit Merrifield,Royals,93,382,352,92,19,2,5,39,34,22,67,2,12,6,,.261,.307,.368,.674,.292,,78,0.5,0.5,,-9.6,1.9,0.5,11281,1,2,4,Jose Quintana,White Sox,White Sox
Tucker Barnhart,Reds,57,218,194,49,10,0,4,19,20,19,38,1,1,0,,.251,.319,.360,.679,.292,,77,-0.7,2.4,,-6.9,6.5,0.7,10200,1,4,4,Wily Peralta,Brewers,Brewers
James McCann,Tigers,80,310,283,68,12,2,8,32,34,19,75,3,1,1,,.240,.293,.381,.674,.292,,79,-0.9,5.1,,-8.6,11.1,1.3,12859,1,3,3,James Paxton,Mariners,Tigers
Jabari Blash,Padres,52,202,174,34,6,0,8,20,21,23,67,3,2,1,,.196,.297,.366,.664,.292,,82,0.0,-0.1,,-4.4,-2.3,0.0,11247,0,2,3,Zack Godley,D-backs,D-backs
Josh Rutledge,Red Sox,1,6,5,1,0,0,0,1,1,0,1,0,0,0,,.246,.302,.368,.669,.292,,75,0.0,-0.1,,-0.2,0.0,0.0,11167,0,4,4,Luis Severino,Yankees,Red Sox
Cameron Rupp,Phillies,77,304,275,63,14,1,10,28,34,22,84,3,1,1,,.228,.290,.386,.675,.292,,79,-0.7,0.6,,-8.5,6.5,0.8,11146,0,4,4,Wei-Yin Chen,Marlins,Phillies
Roberto Perez,Indians,53,201,174,38,8,1,4,21,19,23,51,1,2,1,,.220,.312,.345,.657,.292,,78,-0.3,2.3,,-5.5,6.0,0.8,2900,0,4,4,Lance McCullers Jr.,Astros,Indians
Tony Wolters,Rockies,74,286,256,64,13,1,4,25,26,24,61,2,3,2,,.249,.315,.352,.667,.291,,61,0.0,0.4,,-13.7,5.4,0.1,11470,1,4,4,Tanner Roark,Nationals,Rockies
Adam Rosales,Athletics,70,279,249,57,11,1,8,29,29,23,79,2,4,2,,.227,.295,.376,.671,.291,,83,0.0,-1.3,,-5.6,1.0,0.5,9682,2,4,4,Matt Shoemaker,Angels,Angels
Cory Spangenberg,Padres,72,299,273,69,13,3,4,27,27,20,67,2,7,4,,.251,.305,.363,.669,.291,,82,0.5,-0.3,,-6.3,0.8,0.4,12294,1,4,5,Zack Godley,D-backs,D-backs
Hernan Perez,Brewers,85,343,321,82,15,3,7,32,36,16,68,1,14,6,,.254,.291,.386,.677,.291,,75,0.8,-1.1,,-9.8,-0.6,0.0,5751,1,4,5,Rookie Davis,Reds,Brewers
Byron Buxton,Twins,113,450,409,94,18,4,12,49,47,31,140,4,14,6,,.231,.289,.383,.672,.290,,77,1.6,4.6,,-10.7,6.2,1.1,14161,1,2,4,Cole Hamels,Rangers,Rangers
Chase Utley,Dodgers,48,195,175,41,9,1,4,19,19,14,37,3,1,1,,.236,.303,.362,.665,.290,,82,0.2,0.9,,-4.1,1.2,0.3,1679,1,4,4,Johnny Cueto,Giants,Giants
Ryan Flaherty,Orioles,67,257,229,52,10,1,7,28,27,22,66,3,2,1,,.225,.297,.370,.667,.290,,77,0.2,-2.2,,-7.0,-1.2,0.1,7888,1,4,5,Alex Cobb,Rays,Orioles
Sandy Leon,Red Sox,66,251,226,55,11,1,4,26,25,19,55,2,1,1,,.242,.305,.360,.665,.290,,74,-0.5,2.8,,-8.4,7.9,0.8,5273,0,3,3,Luis Severino,Yankees,Red Sox
Matt Davidson,White Sox,80,332,295,63,11,1,12,35,35,29,107,4,2,1,,.213,.289,.378,.666,.289,,77,0.2,0.0,,-8.9,-2.5,0.0,7226,0,3,3,Nathan Karns,Royals,White Sox
John Hicks,Tigers,7,28,26,6,1,0,1,3,3,1,6,0,0,0,,.249,.293,.372,.665,.288,,77,0.0,0.0,,-0.8,-0.5,0.0,12547,1,3,4,James Paxton,Mariners,Tigers
Dixon Machado,Tigers,21,88,79,20,4,0,1,9,8,7,13,1,2,1,,.250,.314,.337,.651,.288,,77,0.1,1.2,,-2.4,1.5,0.2,11472,0,3,3,James Paxton,Mariners,Tigers
Tim Anderson,White Sox,126,563,531,139,23,4,9,60,50,21,134,4,18,8,,.262,.292,.375,.667,.288,,77,0.3,2.7,,-15.5,8.5,1.2,15172,1,4,4,Nathan Karns,Royals,White Sox
Derek Norris,Rays,75,293,261,58,12,1,8,29,30,26,75,3,4,2,,.223,.297,.366,.663,.288,,80,-0.1,-0.9,,-7.0,4.7,0.8,6867,1,3,3,Dylan Bundy,Orioles,Orioles
Jose Reyes,Mets,95,418,381,93,17,2,7,45,34,30,65,1,12,5,,.245,.300,.357,.657,.287,,79,0.7,-0.8,,-10.1,0.9,0.4,1736,1,3,4,Julio Teheran,Braves,Mets
Chris Gimenez,Twins,32,128,114,26,5,0,3,13,12,11,32,1,1,1,,.231,.302,.349,.650,.286,,75,-0.3,-0.3,,-4.2,2.0,0.2,7324,0,3,4,Cole Hamels,Rangers,Rangers
Martin Maldonado,Angels,73,276,240,54,10,0,6,28,27,27,69,4,2,1,,.224,.311,.348,.659,.286,,80,-0.3,2.3,,-6.8,7.5,1.0,6887,1,4,4,Sean Manaea,Athletics,Angels
Freddy Galvis,Phillies,64,252,235,57,10,2,6,23,26,13,52,2,5,3,,.241,.282,.381,.663,.283,,74,0.2,0.8,,-8.0,3.7,0.4,6609,2,4,4,Wei-Yin Chen,Marlins,Phillies
Adeiny Hechavarria,Marlins,118,454,418,109,17,5,4,37,40,27,66,2,3,2,,.260,.305,.350,.655,.283,,73,-0.5,1.2,,-15.3,6.2,0.5,10459,3,4,4,Vince Velasquez,Phillies,Phillies
Orlando Arcia,Brewers,117,462,427,103,20,4,8,41,44,26,89,2,13,7,,.242,.287,.366,.653,.282,,69,-0.1,0.0,,-17.8,4.9,0.2,13185,2,3,4,Rookie Davis,Reds,Brewers
Billy Hamilton,Reds,114,509,462,113,19,4,6,58,36,37,97,2,50,16,,.245,.302,.338,.640,.282,,70,6.0,10.8,,-12.6,12.6,1.7,10199,1,5,5,Wily Peralta,Brewers,Brewers
Erick Aybar,Padres,78,314,288,72,15,1,3,26,26,19,43,3,5,3,,.250,.301,.343,.644,.280,,74,0.1,-2.8,,-10.1,0.3,0.0,4082,2,3,4,Zack Godley,D-backs,D-backs
Alcides Escobar,Royals,129,540,503,129,23,4,5,53,43,24,79,4,13,4,,.257,.294,.343,.637,.277,,67,1.4,1.2,,-19.7,7.2,0.6,6310,1,4,4,Jose Quintana,White Sox,White Sox
Tim Beckham,Rays,72,278,255,58,10,3,6,26,27,17,84,2,4,2,,.229,.279,.360,.639,.277,,73,-0.1,-0.5,,-9.1,2.7,0.3,7949,3,5,5,Dylan Bundy,Orioles,Orioles
Andrew Romine,Tigers,79,307,279,67,11,1,3,29,27,20,67,3,9,5,,.240,.297,.324,.621,.275,,67,0.1,0.7,,-12.0,0.2,-0.1,1159,0,3,3,James Paxton,Mariners,Tigers
Danny Espinosa,Angels,114,445,395,82,16,1,12,44,45,34,138,10,5,3,,.209,.286,.349,.634,.274,,72,1.0,3.3,,-13.9,4.9,0.6,9219,1,3,4,Sean Manaea,Athletics,Angels
Rene Rivera,Mets,29,113,103,22,4,0,3,9,11,7,30,1,0,0,,.218,.274,.340,.614,.266,,65,-0.3,0.9,,-5.1,3.0,0.1,3648,0,2,3,Julio Teheran,Braves,Mets
Jeff Mathis,Diamondbacks,37,144,133,27,5,1,3,11,13,8,43,1,1,0,,.206,.255,.328,.582,.253,,47,-0.1,1.1,,-9.5,3.4,-0.2,3448,0,4,4,Trevor Cahill,Padres,D-backs
Gift Ngoepe,,1,6,5,1,0,0,0,0,0,0,2,0,0,0,,.200,.265,.293,.558,.248,,52,0.0,0.0,,-0.3,0.1,0.0,sa503029,1,2,3,Jon Lester,Cubs,Pirates
Carlos Gonzalez,,0,1,1,0,0,0,0,0,0,0,0,0,0,0,,.161,.198,.220,.417,.186,,6,0.0,0.0,,-0.1,0.0,0.0,sa657497,0,3,4,Tanner Roark,Nationals,Rockies
