Name,Team,G,PA,AB,H,2B,3B,HR,R,RBI,BB,SO,HBP,SB,CS,-1,AVG,OBP,SLG,OPS,wOBA,-1,wRC+,BsR,Fld,-1,Off,Def,WAR,playerid,game_hits,game_ab,game_pa,opposing_pitcher,opposing_team,stadium
Mike Trout,Angels,119,523,427,131,26,4,27,84,83,84,111,7,16,6,,.306,.425,.576,1.001,.418,,171,3.2,0.0,,47.9,1.3,6.9,10155,1,4,4,Dallas Keuchel,Astros,Angels
Miguel Cabrera,Tigers,119,518,446,138,26,1,25,76,82,64,94,3,1,1,,.309,.396,.542,.937,.392,,148,-3.4,-1.2,,26.6,-9.8,3.5,1744,2,5,5,Andrew Triggs,Athletics,Athletics
Joey Votto,Reds,120,526,423,122,25,1,20,73,66,94,96,4,5,3,,.289,.420,.497,.916,.391,,143,-1.8,-0.6,,26.0,-9.6,3.4,4314,0,1,6,Matt Cain,Giants,Reds
Paul Goldschmidt,Diamondbacks,120,520,426,123,27,2,21,74,70,85,114,4,16,7,,.289,.408,.507,.915,.387,,137,1.1,3.5,,24.7,-5.2,3.7,9218,3,3,4,German Marquez,Rockies,Rockies
Anthony Rizzo,Cubs,122,527,444,124,27,2,27,77,82,64,83,14,7,4,,.279,.384,.527,.911,.385,,141,-0.7,4.9,,25.9,-4.4,3.9,3473,1,4,4,Michael Pineda,Yankees,Cubs
Giancarlo Stanton,Marlins,103,440,378,101,19,1,29,63,76,55,123,3,2,1,,.267,.362,.551,.912,.381,,139,0.0,0.6,,21.3,-4.5,3.2,4949,1,4,5,Rafael Montero,Mets,Mets
Freddie Freeman,Braves,124,541,454,128,27,3,24,74,77,76,120,6,6,4,,.282,.389,.513,.902,.379,,137,-0.2,3.1,,24.6,-6.3,3.6,5361,0,2,4,Lance Lynn,Cardinals,Braves
Manny Machado,Orioles,121,532,475,139,28,1,29,78,84,48,88,3,6,4,,.292,.358,.536,.894,.376,,136,-0.2,10.7,,22.5,12.6,5.4,11493,1,4,4,Miguel Gonzalez,White Sox,Orioles
Kris Bryant,Cubs,121,533,455,126,26,2,25,80,74,63,127,9,8,5,,.277,.372,.509,.882,.375,,135,2.2,3.5,,24.9,5.4,4.8,15429,1,3,4,Michael Pineda,Yankees,Cubs
Mookie Betts,Red Sox,120,528,475,147,32,3,19,77,75,44,56,3,17,7,,.309,.368,.509,.877,.373,,131,2.9,9.3,,22.4,3.8,4.5,13611,1,4,4,Phil Hughes,Twins,Twins
Nolan Arenado,Rockies,123,529,479,139,30,4,28,75,87,42,82,4,3,2,,.289,.349,.542,.890,.372,,115,-0.6,7.2,,9.2,9.1,3.6,9777,1,4,4,Zack Greinke,D-backs,Rockies
Eric Thames,Brewers,110,477,415,113,21,1,26,69,67,50,114,6,9,5,,.272,.356,.517,.873,.368,,126,-0.3,0.3,,15.2,-7.0,2.4,3711,0,4,4,Chad Kuhl,Pirates,Pirates
Andrew McCutchen,Pirates,121,527,450,127,24,3,19,69,68,66,107,6,8,4,,.281,.377,.471,.849,.363,,129,0.3,-6.9,,19.4,-8.6,2.8,9847,0,4,4,Jimmy Nelson,Brewers,Pirates
Miguel Sano,Twins,110,471,405,101,21,2,26,64,74,60,155,2,2,1,,.250,.347,.503,.850,.360,,125,-1.1,1.2,,13.3,0.7,3.1,12164,2,3,4,Eduardo Rodriguez,Red Sox,Twins
Carlos Santana,Indians,124,549,452,115,25,1,21,79,66,87,89,3,6,3,,.254,.375,.456,.831,.360,,126,-1.2,0.1,,15.7,-9.4,2.6,2396,0,4,4,Jason Hammel,Royals,Royals
Hanley Ramirez,Red Sox,107,450,400,113,22,1,20,60,69,41,84,5,6,3,,.282,.353,.489,.843,.359,,121,-1.3,-0.5,,10.2,-12.0,1.4,8001,0,3,4,Phil Hughes,Twins,Twins
Buster Posey,Giants,105,449,398,120,23,1,13,53,59,45,50,3,2,1,,.301,.373,.465,.838,.358,,128,-1.8,6.0,,13.6,9.0,3.8,9166,3,4,4,Bronson Arroyo,Reds,Reds
Matt Carpenter,Cardinals,119,529,444,119,28,3,15,71,58,74,111,5,3,2,,.267,.375,.448,.823,.356,,123,0.4,1.1,,15.1,-7.3,2.5,8090,1,2,5,Mike Foltynewicz,Braves,Braves
Nelson Cruz,Mariners,117,498,443,118,20,1,27,66,80,46,124,5,2,1,,.267,.340,.501,.841,.356,,128,-2.4,-0.2,,14.2,-12.9,1.9,2434,2,6,6,Yu Darvish,Rangers,Mariners
Yasiel Puig,Dodgers,107,438,388,109,21,2,17,54,59,39,85,5,7,4,,.282,.353,.479,.832,.356,,126,-0.6,1.5,,13.4,-3.4,2.4,14225,2,5,5,Jhoulys Chacin,Padres,Padres
Daniel Murphy,Nationals,111,474,434,136,30,3,12,59,64,31,49,3,4,2,,.314,.361,.481,.842,.355,,120,0.7,-7.0,,12.5,-5.3,2.3,4316,1,5,5,Nick Pivetta,Phillies,Phillies
Christian Yelich,Marlins,120,523,458,134,27,2,14,66,62,56,101,3,10,5,,.293,.372,.452,.824,.355,,122,1.1,-2.4,,15.3,-0.6,3.2,11477,1,3,5,Rafael Montero,Mets,Mets
Jose Bautista,Blue Jays,106,461,380,91,18,1,21,63,62,72,95,4,3,2,,.239,.363,.458,.821,.355,,122,-1.3,-3.2,,10.7,-8.2,1.9,1887,0,5,5,Chris Archer,Rays,Rays
George Springer,Astros,116,522,446,116,20,2,23,77,63,61,126,7,10,5,,.260,.356,.468,.824,.355,,125,0.8,-0.8,,16.8,-1.7,3.4,12856,1,4,5,Jesse Chavez,Angels,Angels
Trea Turner,Nationals,117,515,471,144,26,6,13,72,56,34,100,2,33,12,,.306,.353,.469,.823,.352,,118,1.8,-0.6,,13.3,4.2,3.5,16252,0,3,5,Nick Pivetta,Phillies,Phillies
Corey Seager,Dodgers,120,530,475,136,30,2,19,73,64,44,97,4,4,2,,.286,.349,.479,.827,.352,,124,0.6,3.0,,16.1,8.2,4.2,13624,1,4,5,Jhoulys Chacin,Padres,Padres
Charlie Blackmon,Rockies,119,540,487,142,26,5,18,78,59,36,92,9,18,8,,.291,.349,.475,.824,.352,,101,1.3,-7.3,,2.2,-5.4,1.4,7859,1,5,5,Zack Greinke,D-backs,Rockies
Kyle Schwarber,Cubs,102,456,389,98,17,1,22,65,56,55,119,5,4,2,,.253,.350,.471,.821,.352,,119,0.4,-1.3,,10.8,-5.9,2.0,16478,1,3,3,Michael Pineda,Yankees,Cubs
Edwin Encarnacion,Indians,114,487,417,103,19,0,24,65,74,62,102,4,2,1,,.246,.347,.470,.818,.350,,119,-1.1,-0.4,,9.9,-11.7,1.5,2151,2,4,4,Jason Hammel,Royals,Royals
Jose Altuve,Astros,120,534,483,148,30,2,13,72,64,40,60,5,23,9,,.306,.363,.457,.820,.349,,122,-0.7,-3.4,,13.2,-1.6,3.0,5417,1,5,5,Jesse Chavez,Angels,Angels
Seth Smith,Orioles,85,369,318,84,19,1,13,50,43,42,74,4,2,1,,.264,.355,.453,.808,.349,,117,-0.7,-1.5,,6.7,-4.5,1.5,7331,2,4,4,Miguel Gonzalez,White Sox,Orioles
Brandon Belt,Giants,115,492,417,109,25,4,14,60,55,65,123,4,3,2,,.261,.364,.441,.804,.348,,121,-0.5,5.1,,12.3,-2.7,2.6,10264,0,3,4,Bronson Arroyo,Reds,Reds
Carlos Correa,Astros,119,515,450,122,27,2,18,66,70,56,100,4,9,5,,.272,.354,.457,.811,.348,,121,0.7,-1.2,,13.4,4.4,3.6,14162,2,5,5,Jesse Chavez,Angels,Angels
Jose Abreu,White Sox,123,531,479,134,24,2,22,66,75,38,107,10,1,1,,.279,.342,.478,.819,.347,,117,-1.1,-3.2,,9.9,-12.8,1.6,15676,3,5,5,Wade Miley,Orioles,Orioles
Justin Turner,Dodgers,110,472,422,119,27,1,14,58,60,37,80,9,3,2,,.283,.350,.455,.805,.347,,120,-0.6,4.2,,11.1,5.7,3.2,5235,2,4,5,Jhoulys Chacin,Padres,Padres
Mark Reynolds,Rockies,79,320,281,74,14,1,14,39,44,33,83,3,2,1,,.262,.342,.466,.809,.347,,98,-0.9,-1.3,,-1.7,-7.0,0.2,7619,2,4,4,Zack Greinke,D-backs,Rockies
Michael Brantley,Indians,92,393,350,101,22,1,11,49,51,36,47,3,8,4,,.290,.359,.450,.809,.346,,116,0.5,-2.0,,8.0,-6.0,1.6,4106,0,4,4,Jason Hammel,Royals,Royals
Justin Upton,Tigers,121,502,439,113,23,2,23,65,71,53,137,4,9,5,,.258,.341,.472,.812,.346,,117,0.6,-3.3,,10.6,-8.6,2.0,5222,1,4,5,Andrew Triggs,Athletics,Athletics
Michael Conforto,Mets,76,317,280,74,16,1,13,39,41,30,65,3,3,2,,.266,.342,.471,.813,.346,,119,0.4,2.0,,7.7,0.6,1.9,16376,1,4,5,Tom Koehler,Marlins,Mets
Gary Sanchez,Yankees,99,423,382,101,19,1,22,56,63,33,85,4,5,3,,.266,.327,.488,.815,.346,,117,-0.2,0.4,,8.3,8.1,3.2,11442,0,4,5,Kyle Hendricks,Cubs,Cubs
Xander Bogaerts,Red Sox,120,517,466,138,26,2,13,65,62,40,79,5,8,4,,.297,.356,.442,.798,.345,,112,1.2,-1.3,,8.6,4.1,3.1,12161,1,4,4,Phil Hughes,Twins,Twins
Anthony Rendon,Nationals,114,487,426,116,27,1,14,61,57,50,88,4,6,4,,.272,.353,.442,.795,.344,,112,0.3,4.7,,7.7,6.5,3.0,12861,3,4,5,Nick Pivetta,Phillies,Phillies
Aaron Judge,Yankees,89,354,310,78,12,1,18,45,50,36,102,3,3,2,,.251,.333,.470,.803,.343,,115,-0.1,1.5,,6.2,-2.4,1.6,15640,2,4,4,Kyle Hendricks,Cubs,Cubs
Ian Desmond,Rockies,115,486,441,123,23,2,18,62,64,37,127,3,12,6,,.280,.337,.465,.802,.343,,96,1.0,4.8,,-1.7,-0.6,1.3,6885,0,4,4,Zack Greinke,D-backs,Rockies
Chris Davis,Orioles,120,508,432,99,18,0,28,67,75,65,170,6,1,1,,.228,.335,.467,.802,.343,,113,0.9,2.3,,8.8,-6.7,2.0,9272,3,3,4,Miguel Gonzalez,White Sox,Orioles
DJ LeMahieu,Rockies,118,518,462,141,23,5,7,66,48,47,77,3,10,5,,.305,.370,.419,.788,.343,,95,-0.4,1.9,,-3.3,3.6,1.7,9874,1,4,4,Zack Greinke,D-backs,Rockies
A.J. Pollock,Diamondbacks,110,493,444,128,28,3,12,67,50,39,74,2,25,11,,.287,.346,.449,.795,.343,,107,0.9,4.0,,5.3,5.5,2.7,9256,2,5,5,German Marquez,Rockies,Rockies
Shin-Soo Choo,Rangers,103,452,380,98,18,2,13,60,49,57,105,8,7,4,,.257,.363,.419,.782,.342,,111,-0.2,-0.4,,5.6,-10.4,1.1,3174,1,5,5,Yovani Gallardo,Mariners,Mariners
Marcell Ozuna,Marlins,117,487,443,122,23,3,20,58,69,36,107,3,2,1,,.275,.331,.473,.804,.342,,113,0.2,5.5,,8.1,-0.2,2.4,10324,2,4,5,Rafael Montero,Mets,Mets
Robinson Cano,Mariners,119,520,472,134,26,1,19,64,72,40,76,4,2,1,,.284,.342,.465,.807,.342,,118,-1.9,-0.7,,9.5,1.1,2.9,3269,2,3,6,Yu Darvish,Rangers,Mariners
Eric Hosmer,Royals,122,525,470,131,24,3,17,62,69,47,94,3,4,2,,.279,.346,.452,.798,.342,,112,-1.2,-0.1,,6.2,-9.5,1.5,3516,3,4,4,Danny Salazar,Indians,Royals
Khris Davis,Athletics,117,492,440,109,21,1,27,63,76,43,132,5,3,2,,.247,.319,.486,.805,.342,,118,-0.8,-3.9,,9.8,-9.4,1.8,9112,1,4,4,Michael Fulmer,Tigers,Athletics
Joc Pederson,Dodgers,101,404,337,79,15,0,18,49,50,58,111,4,5,3,,.234,.351,.440,.791,.342,,117,0.1,-0.7,,8.4,0.4,2.2,11899,0,3,5,Jhoulys Chacin,Padres,Padres
Ryan Zimmerman,Nationals,91,376,339,91,19,1,16,45,55,31,81,3,2,1,,.267,.330,.469,.799,.341,,111,-0.2,-1.4,,4.8,-7.6,0.9,4220,3,5,5,Nick Pivetta,Phillies,Phillies
Francisco Lindor,Indians,121,536,483,140,26,3,14,69,65,44,76,3,13,8,,.289,.349,.445,.794,.341,,112,-1.1,12.0,,6.9,17.4,4.4,12916,0,4,4,Jason Hammel,Royals,Royals
Kyle Seager,Mariners,120,500,438,116,23,2,18,62,65,51,82,5,3,2,,.264,.345,.453,.798,.340,,117,-0.9,1.2,,9.3,3.0,3.0,9785,1,5,6,Yu Darvish,Rangers,Mariners
Ben Zobrist,Cubs,100,430,366,97,22,2,10,53,48,57,59,3,3,2,,.264,.365,.417,.781,.340,,111,-0.6,0.3,,5.1,-1.2,1.8,7435,1,4,4,Michael Pineda,Yankees,Cubs
Wil Myers,Padres,114,497,442,115,21,3,21,60,62,47,119,3,14,7,,.260,.333,.461,.794,.340,,114,1.0,3.0,,9.6,-5.6,2.0,10047,0,3,4,Kenta Maeda,Dodgers,Padres
Maikel Franco,Phillies,117,501,457,124,23,1,22,60,71,36,79,4,1,1,,.271,.327,.475,.802,.339,,111,0.0,-2.6,,6.8,-0.8,2.2,12179,1,5,5,Stephen Strasburg,Nationals,Phillies
Matt Kemp,Braves,118,505,463,126,27,1,22,59,73,35,121,3,3,1,,.272,.324,.473,.797,.338,,110,-1.0,-11.6,,4.9,-16.8,0.4,5631,1,4,4,Lance Lynn,Cardinals,Braves
Mike Moustakas,Royals,110,480,433,114,25,1,20,62,62,35,72,5,2,1,,.264,.325,.467,.792,.338,,109,-1.0,2.3,,4.3,2.2,2.3,4892,1,4,4,Danny Salazar,Indians,Royals
Yasmani Grandal,Dodgers,90,367,309,73,14,1,15,43,46,52,90,2,2,1,,.235,.347,.429,.776,.338,,114,-1.6,-0.1,,4.7,6.1,2.3,11368,1,5,5,Jhoulys Chacin,Padres,Padres
Jonathan Lucroy,Rangers,100,413,367,102,21,2,11,49,50,38,62,2,2,1,,.277,.347,.437,.784,.337,,107,-1.4,3.0,,2.1,10.6,2.7,7870,0,4,5,Yovani Gallardo,Mariners,Mariners
Jose Ramirez,Indians,116,481,435,126,27,3,11,58,58,38,52,2,18,10,,.290,.348,.435,.783,.337,,110,1.3,4.9,,7.0,6.7,3.1,13510,0,3,4,Jason Hammel,Royals,Royals
Josh Bell,Pirates,102,426,374,104,19,2,11,49,47,43,66,3,5,3,,.279,.355,.426,.781,.337,,112,-0.6,-1.8,,5.5,-7.5,1.2,13145,2,4,4,Jimmy Nelson,Brewers,Pirates
Mark Trumbo,Orioles,109,457,415,106,18,1,24,59,69,36,113,2,2,1,,.255,.315,.478,.793,.337,,109,-0.9,-1.7,,3.9,-11.2,0.8,6876,2,4,4,Miguel Gonzalez,White Sox,Orioles
Jackie Bradley Jr.,Red Sox,104,412,363,95,21,4,13,50,51,39,95,5,5,3,,.260,.337,.447,.784,.336,,105,0.2,5.2,,2.9,6.8,2.4,12984,0,4,4,Phil Hughes,Twins,Twins
Kendrys Morales,Blue Jays,112,473,425,111,23,1,20,59,68,39,95,5,0,0,,.261,.328,.460,.788,.336,,109,-3.5,-0.2,,1.5,-11.3,0.6,8610,3,4,4,Chris Archer,Rays,Rays
Jason Heyward,Cubs,106,434,380,103,20,2,11,50,49,46,68,3,9,4,,.270,.351,.419,.770,.335,,108,1.3,11.4,,5.4,8.7,2.9,4940,0,4,4,Michael Pineda,Yankees,Cubs
Andrew Benintendi,Red Sox,105,455,410,116,27,4,9,59,51,35,69,4,9,5,,.283,.342,.438,.779,.335,,105,-0.4,-1.0,,2.2,-2.9,1.5,17901,2,5,5,Phil Hughes,Twins,Twins
Brian Dozier,Twins,122,548,478,118,26,2,22,75,65,57,108,6,14,6,,.248,.333,.449,.782,.335,,108,1.3,-1.5,,6.5,0.3,2.6,9810,0,4,4,Eduardo Rodriguez,Red Sox,Twins
Hyun Soo Kim,Orioles,81,337,299,83,13,1,9,42,37,31,50,3,3,2,,.279,.350,.422,.772,.335,,107,0.0,-3.9,,2.9,-6.4,0.8,18718,0,3,3,Miguel Gonzalez,White Sox,Orioles
Jake Lamb,Diamondbacks,113,476,418,106,21,5,17,56,62,50,125,3,5,3,,.253,.335,.450,.785,.335,,102,1.0,-3.5,,2.2,-1.8,1.6,13329,0,4,4,German Marquez,Rockies,Rockies
Josh Reddick,Astros,90,375,334,89,16,2,13,47,48,35,54,1,5,3,,.266,.335,.447,.781,.335,,112,1.0,2.0,,6.2,-1.0,1.8,3892,2,5,5,Jesse Chavez,Angels,Angels
Dustin Pedroia,Red Sox,107,481,427,123,24,1,9,62,48,45,55,2,5,3,,.288,.356,.410,.766,.334,,104,-1.4,6.5,,1.0,8.1,2.6,8370,1,5,5,Phil Hughes,Twins,Twins
David Peralta,Diamondbacks,103,439,398,110,21,5,12,52,52,32,89,4,7,4,,.276,.333,.447,.780,.334,,102,0.4,-1.8,,1.3,-6.2,0.9,2136,0,4,5,German Marquez,Rockies,Rockies
Trevor Story,Rockies,113,465,413,103,22,3,20,57,63,42,137,4,10,5,,.248,.321,.460,.782,.333,,89,0.8,-1.3,,-5.5,3.6,1.3,12564,0,3,4,Zack Greinke,D-backs,Rockies
Steve Pearce,Blue Jays,103,419,371,93,20,1,17,51,55,39,89,5,2,2,,.252,.328,.449,.777,.333,,107,-0.2,-1.5,,3.2,-5.6,1.2,9957,0,4,4,Chris Archer,Rays,Rays
Aledmys Diaz,Cardinals,110,476,433,119,26,2,15,60,55,32,65,5,7,5,,.276,.330,.449,.779,.332,,107,-0.5,-6.2,,3.5,-1.9,1.7,15937,4,4,5,Mike Foltynewicz,Braves,Braves
Melky Cabrera,White Sox,117,509,464,133,26,2,12,58,59,38,63,2,2,1,,.287,.341,.429,.770,.332,,107,-1.8,-6.6,,2.3,-12.5,0.7,4022,1,4,5,Wade Miley,Orioles,Orioles
Joe Mauer,Twins,98,425,368,101,20,2,8,50,46,51,71,2,1,1,,.275,.363,.403,.767,.332,,106,-0.7,0.4,,2.2,-6.1,1.1,1857,2,4,5,Eduardo Rodriguez,Red Sox,Twins
Chris Carter,Yankees,59,241,208,46,8,1,13,31,34,28,77,3,1,1,,.219,.319,.456,.774,.332,,107,-0.6,-1.1,,1.4,-3.9,0.6,9911,0,3,4,Kyle Hendricks,Cubs,Cubs
Max Kepler,Twins,115,482,429,115,23,5,13,58,57,44,85,3,9,5,,.268,.338,.434,.772,.331,,105,0.8,0.1,,3.9,-4.7,1.6,12144,1,4,4,Eduardo Rodriguez,Red Sox,Twins
Victor Martinez,Tigers,114,483,435,120,21,1,16,58,65,40,69,4,1,0,,.276,.340,.436,.776,.331,,106,-4.7,0.0,,-1.1,-12.3,0.3,393,3,4,5,Andrew Triggs,Athletics,Athletics
Evan Longoria,Rays,118,512,461,120,25,2,21,61,69,43,109,4,2,1,,.260,.326,.455,.781,.331,,110,-0.2,4.3,,5.8,4.0,2.8,9368,3,4,5,Francisco Liriano,Blue Jays,Rays
Jedd Gyorko,Cardinals,94,381,344,88,15,1,17,44,53,30,84,3,2,1,,.255,.317,.458,.775,.331,,106,-0.4,-0.6,,2.3,0.6,1.5,10816,2,4,4,Mike Foltynewicz,Braves,Braves
Rougned Odor,Rangers,119,497,462,123,23,4,21,62,71,24,93,6,11,7,,.266,.308,.474,.782,.331,,103,0.9,-4.4,,2.4,-2.6,1.7,12282,1,6,6,Yovani Gallardo,Mariners,Mariners
Nomar Mazara,Rangers,113,476,431,117,17,2,17,57,61,35,91,4,3,2,,.271,.330,.439,.769,.330,,102,-0.3,2.2,,0.9,-3.5,1.4,14553,0,3,5,Yovani Gallardo,Mariners,Mariners
Neil Walker,Mets,105,439,389,101,18,1,16,50,55,41,80,4,2,1,,.259,.334,.435,.769,.330,,108,0.1,-3.0,,4.5,-1.4,1.7,7539,0,4,4,Tom Koehler,Marlins,Mets
Justin Bour,Marlins,111,452,402,105,20,1,17,51,60,42,92,2,1,1,,.261,.332,.445,.777,.330,,105,-1.7,-0.1,,1.1,-7.8,0.8,9744,2,4,5,Rafael Montero,Mets,Mets
Jayson Werth,Nationals,101,425,367,93,18,0,13,49,47,49,102,4,4,2,,.253,.344,.408,.752,.329,,102,0.4,-5.8,,1.6,-9.9,0.5,1327,3,5,5,Nick Pivetta,Phillies,Phillies
Adam Jones,Orioles,117,517,478,129,22,1,22,67,67,27,96,6,3,2,,.270,.314,.458,.772,.329,,103,0.9,-3.6,,2.8,-1.8,1.9,6368,0,4,4,Miguel Gonzalez,White Sox,Orioles
Willson Contreras,Cubs,90,361,321,85,18,1,10,39,44,31,73,4,4,3,,.266,.335,.423,.758,.328,,103,-0.2,0.9,,1.1,6.5,2.0,11609,0,4,4,Michael Pineda,Yankees,Cubs
Aaron Hicks,Yankees,77,307,268,69,13,1,9,37,35,33,58,1,6,3,,.256,.338,.417,.755,.328,,104,0.3,1.5,,1.8,0.4,1.3,5297,3,5,5,Kyle Hendricks,Cubs,Cubs
Albert Pujols,Angels,107,459,417,108,19,0,20,56,67,35,63,3,2,1,,.260,.320,.453,.773,.327,,109,-3.3,0.0,,1.6,-11.4,0.6,1177,1,4,4,Dallas Keuchel,Astros,Angels
Joe Panik,Giants,107,449,399,112,20,4,7,48,44,40,46,4,3,2,,.280,.349,.406,.754,.327,,107,0.3,3.5,,4.2,5.1,2.4,11936,0,4,4,Bronson Arroyo,Reds,Reds
Lorenzo Cain,Royals,102,447,403,113,22,3,9,51,48,35,86,5,14,6,,.282,.343,.413,.757,.327,,102,0.7,5.9,,1.6,7.5,2.5,9077,1,3,4,Danny Salazar,Indians,Royals
Matt Joyce,Athletics,94,385,321,75,16,1,11,45,41,55,89,4,3,2,,.233,.349,.395,.744,.327,,108,0.1,-4.8,,3.7,-8.9,0.8,3353,0,5,5,Michael Fulmer,Tigers,Athletics
Brandon Moss,Royals,109,442,388,90,18,2,20,53,58,44,128,5,2,1,,.233,.317,.448,.765,.326,,101,-0.2,-0.3,,0.4,-11.4,0.4,4467,0,3,4,Danny Salazar,Indians,Royals
Eugenio Suarez,Reds,113,460,411,105,19,2,16,50,56,39,104,5,6,4,,.256,.326,.431,.756,.326,,100,-0.8,0.2,,-0.9,1.8,1.6,12552,3,5,6,Matt Cain,Giants,Reds
Yasmany Tomas,Diamondbacks,101,416,385,102,21,2,17,47,58,24,104,2,3,2,,.265,.310,.460,.769,.326,,96,-1.0,-6.7,,-2.8,-10.5,0.0,17171,0,3,4,German Marquez,Rockies,Rockies
Mike Napoli,Rangers,110,459,393,90,17,1,20,56,61,58,133,4,2,2,,.228,.330,.425,.755,.326,,99,-1.8,0.6,,-2.1,-7.9,0.6,3057,0,5,5,Yovani Gallardo,Mariners,Mariners
Gregory Polanco,Pirates,117,503,447,117,26,2,14,59,58,48,93,2,17,9,,.263,.335,.423,.758,.325,,104,0.7,2.5,,3.2,-2.6,1.7,12907,2,4,4,Jimmy Nelson,Brewers,Pirates
Yonder Alonso,Athletics,88,357,317,86,19,1,8,39,39,34,54,2,2,1,,.271,.342,.409,.751,.325,,107,-1.2,1.9,,1.8,-3.7,1.0,2530,2,4,4,Michael Fulmer,Tigers,Athletics
Joey Gallo,Rangers,70,275,237,51,8,1,15,35,38,32,101,2,3,2,,.215,.312,.453,.765,.325,,99,0.5,1.0,,0.1,2.0,1.2,14128,0,5,5,Yovani Gallardo,Mariners,Mariners
Mitch Moreland,Red Sox,98,398,355,91,23,0,13,47,51,33,91,5,1,1,,.256,.325,.436,.761,.325,,98,-1.1,2.9,,-2.2,-4.6,0.7,3086,1,3,4,Phil Hughes,Twins,Twins
Hunter Pence,Giants,101,433,390,103,19,2,13,48,52,36,92,3,2,1,,.263,.327,.426,.753,.325,,105,0.2,1.2,,3.0,-2.9,1.4,8252,0,3,3,Bronson Arroyo,Reds,Reds
Avisail Garcia,White Sox,112,452,409,109,16,3,15,49,54,32,108,5,5,4,,.267,.326,.425,.751,.324,,101,-0.6,-2.5,,-0.1,-7.5,0.8,5760,1,4,4,Wade Miley,Orioles,Orioles
Jay Bruce,Mets,101,422,378,91,20,2,19,49,58,37,93,2,3,2,,.239,.309,.454,.763,.323,,103,-0.4,-3.1,,1.3,-8.6,0.6,9892,0,2,4,Tom Koehler,Marlins,Mets
Corey Dickerson,Rays,104,441,403,104,25,2,17,52,54,31,103,2,3,2,,.258,.311,.452,.763,.323,,104,-0.2,-0.1,,2.0,-8.2,0.9,10762,1,5,5,Francisco Liriano,Blue Jays,Rays
Addison Russell,Cubs,114,462,410,104,22,2,15,52,58,41,97,6,5,3,,.253,.326,.426,.752,.323,,99,0.5,8.9,,0.0,14.1,2.9,14106,0,4,4,Michael Pineda,Yankees,Cubs
Francisco Cervelli,Pirates,83,332,286,76,14,2,4,32,32,37,64,5,3,2,,.266,.356,.370,.727,.322,,102,-0.8,-2.8,,0.0,2.7,1.4,5275,1,4,4,Jimmy Nelson,Brewers,Pirates
Robbie Grossman,Twins,91,373,319,81,16,1,8,42,37,47,86,2,5,3,,.254,.350,.380,.730,.322,,99,-0.1,-2.4,,-0.4,-10.6,0.2,5254,1,4,4,Eduardo Rodriguez,Red Sox,Twins
Tommy Joseph,Phillies,110,452,414,103,19,1,22,51,63,28,99,5,3,2,,.248,.300,.455,.756,.322,,99,-0.5,0.1,,-0.8,-7.1,0.7,10349,2,4,4,Stephen Strasburg,Nationals,Phillies
Brett Gardner,Yankees,102,459,398,101,19,3,10,59,42,49,94,5,11,5,,.254,.341,.391,.732,.322,,100,1.7,2.2,,1.7,-2.4,1.5,9927,1,4,5,Kyle Hendricks,Cubs,Cubs
Jonathan Schoop,Orioles,112,447,418,110,22,1,19,53,60,17,92,6,2,1,,.263,.300,.455,.755,.322,,98,-0.7,-0.7,,-1.7,1.1,1.5,11265,0,3,4,Miguel Gonzalez,White Sox,Orioles
Jason Kipnis,Indians,116,506,447,116,26,2,11,62,53,48,104,5,10,4,,.260,.336,.402,.737,.321,,99,1.2,-1.2,,0.5,0.4,1.9,9776,2,3,3,Jason Hammel,Royals,Royals
Kolten Wong,Cardinals,97,386,343,91,15,4,9,41,41,32,58,7,9,4,,.267,.338,.409,.747,.321,,99,0.8,-0.5,,0.4,0.8,1.4,12532,1,5,6,Mike Foltynewicz,Braves,Braves
Chase Headley,Yankees,104,422,369,94,18,1,11,48,46,42,94,5,5,3,,.254,.336,.399,.735,.321,,99,0.0,2.8,,-0.4,4.2,1.9,4720,1,4,4,Kyle Hendricks,Cubs,Cubs
Curtis Granderson,Mets,107,468,402,92,18,2,17,57,50,55,104,5,4,2,,.230,.327,.413,.741,.321,,102,0.8,-7.0,,1.9,-7.4,1.0,4747,1,3,4,Tom Koehler,Marlins,Mets
Russell Martin,Blue Jays,93,380,322,73,14,1,14,43,44,47,97,6,3,2,,.225,.332,.398,.730,.321,,98,-1.4,2.9,,-2.3,10.1,2.1,4616,0,2,4,Chris Archer,Rays,Rays
Travis Shaw,Brewers,99,407,368,92,18,1,16,45,52,32,94,3,3,2,,.249,.312,.438,.750,.320,,94,-0.6,-2.3,,-3.5,-1.4,0.8,11982,0,3,3,Chad Kuhl,Pirates,Pirates
Martin Prado,Marlins,107,468,424,119,23,2,8,54,45,34,61,4,2,1,,.281,.337,.401,.739,.320,,98,-1.4,1.9,,-2.3,2.5,1.5,3312,3,5,5,Rafael Montero,Mets,Mets
Wilmer Flores,Mets,58,231,214,56,11,0,9,25,30,13,31,2,1,1,,.263,.308,.441,.749,.320,,101,-0.3,0.3,,0.0,-0.7,0.7,5827,2,3,4,Tom Koehler,Marlins,Mets
Carlos Gomez,Rangers,108,470,420,106,23,2,14,59,51,36,119,8,16,7,,.252,.321,.418,.739,.319,,95,1.2,1.2,,-1.8,2.8,1.7,4881,0,5,6,Yovani Gallardo,Mariners,Mariners
Michael Saunders,Phillies,98,403,352,84,18,2,13,44,47,44,106,3,2,1,,.238,.325,.414,.739,.319,,97,0.8,-2.3,,-0.4,-6.1,0.6,9981,2,4,4,Stephen Strasburg,Nationals,Phillies
Tommy Pham,Cardinals,25,103,91,23,5,0,3,11,11,9,27,1,3,2,,.255,.327,.410,.737,.319,,98,0.2,-0.2,,-0.1,-1.4,0.2,2967,2,4,5,Mike Foltynewicz,Braves,Braves
Yunel Escobar,Angels,102,456,410,115,20,1,7,53,41,35,59,4,3,2,,.281,.341,.386,.727,.319,,103,-2.1,-3.6,,-0.5,-2.1,1.3,4191,2,5,5,Dallas Keuchel,Astros,Angels
Yadier Molina,Cardinals,100,409,373,106,22,1,7,41,45,28,50,3,2,1,,.283,.336,.401,.737,.319,,98,-2.3,5.4,,-3.5,12.8,2.3,7007,1,4,5,Mike Foltynewicz,Braves,Braves
Elvis Andrus,Rangers,116,469,422,117,23,3,6,52,47,38,62,3,18,9,,.278,.339,.392,.730,.318,,94,1.2,-3.8,,-2.2,1.5,1.6,8709,3,6,6,Yovani Gallardo,Mariners,Mariners
Lonnie Chisenhall,Indians,103,406,371,99,22,3,10,45,48,26,78,3,4,2,,.267,.318,.423,.741,.318,,96,0.6,-4.1,,-1.1,-3.2,1.0,7571,0,3,3,Jason Hammel,Royals,Royals
Yangervis Solarte,Padres,111,470,424,113,22,2,12,47,51,35,59,5,2,1,,.266,.328,.407,.734,.318,,99,-1.4,-3.9,,-1.7,-2.3,1.1,5352,1,2,4,Kenta Maeda,Dodgers,Padres
J.T. Realmuto,Marlins,92,376,346,96,18,3,8,38,42,22,63,3,6,3,,.277,.323,.415,.739,.317,,96,0.1,1.0,,-1.5,6.9,1.8,11739,1,4,5,Rafael Montero,Mets,Mets
Brian McCann,Astros,84,344,301,70,10,1,14,41,44,35,64,4,1,0,,.233,.321,.414,.735,.317,,100,-1.6,1.8,,-1.8,7.5,1.8,4810,2,4,4,Jesse Chavez,Angels,Angels
Odubel Herrera,Phillies,118,520,464,125,21,3,10,58,49,45,110,5,16,8,,.270,.338,.394,.732,.317,,96,0.4,3.2,,-2.3,4.9,2.0,11476,1,5,5,Stephen Strasburg,Nationals,Phillies
Alex Gordon,Royals,109,461,401,98,20,1,13,52,47,46,115,8,5,3,,.244,.332,.395,.727,.317,,95,0.6,6.8,,-2.4,1.8,1.5,5209,0,4,4,Danny Salazar,Indians,Royals
Carlos Beltran,Astros,101,426,391,102,22,1,14,49,55,28,84,3,1,1,,.260,.312,.427,.739,.316,,99,-2.0,-0.4,,-2.4,-8.9,0.3,589,2,5,5,Jesse Chavez,Angels,Angels
Cesar Hernandez,Phillies,116,510,452,123,17,6,6,57,39,49,100,3,14,8,,.273,.344,.377,.721,.316,,95,0.4,1.5,,-2.5,3.3,1.7,10556,1,4,5,Stephen Strasburg,Nationals,Phillies
Randal Grichuk,Cardinals,107,428,392,95,21,2,18,47,58,27,116,3,5,3,,.243,.295,.449,.745,.316,,96,0.6,2.7,,-1.6,-1.3,1.1,10243,2,5,5,Mike Foltynewicz,Braves,Braves
Cody Bellinger,Dodgers,41,168,150,36,7,1,7,19,20,15,40,1,3,1,,.241,.311,.425,.736,.315,,99,0.0,-0.3,,-0.2,-2.2,0.3,15998,3,5,5,Jhoulys Chacin,Padres,Padres
Starlin Castro,Yankees,113,467,435,118,22,1,14,51,57,23,83,3,3,2,,.272,.312,.423,.735,.315,,95,-1.3,-2.2,,-3.9,-0.5,1.2,4579,2,4,4,Kyle Hendricks,Cubs,Cubs
Jorge Polanco,Twins,90,373,341,93,17,3,7,41,40,25,58,2,8,5,,.272,.323,.405,.728,.315,,94,-0.4,-2.8,,-3.1,1.3,1.1,13152,1,4,4,Eduardo Rodriguez,Red Sox,Twins
Josh Harrison,Pirates,105,444,412,115,24,4,7,47,44,20,69,6,11,6,,.279,.320,.410,.730,.315,,97,1.0,-0.8,,-0.8,0.5,1.4,8202,0,4,4,Jimmy Nelson,Brewers,Pirates
Scott Schebler,Reds,100,405,367,90,16,3,15,43,51,26,94,7,5,3,,.246,.306,.433,.740,.315,,92,0.3,1.2,,-3.7,-2.9,0.6,12225,3,4,6,Matt Cain,Giants,Reds
Adam Duvall,Reds,108,454,415,96,18,2,23,52,65,30,119,5,5,3,,.231,.289,.452,.741,.315,,92,0.5,4.0,,-3.9,-0.8,1.0,10950,2,6,6,Matt Cain,Giants,Reds
Gerardo Parra,Rockies,37,150,139,38,8,1,3,16,17,8,27,1,3,2,,.274,.316,.416,.732,.314,,76,-0.2,0.1,,-4.5,-1.3,-0.1,8553,3,4,4,Zack Greinke,D-backs,Rockies
Brandon Drury,Diamondbacks,103,416,382,103,23,2,9,42,47,26,75,3,3,2,,.268,.317,.411,.728,.314,,88,-0.7,-3.0,,-6.8,-1.5,0.5,11615,0,4,4,German Marquez,Rockies,Rockies
Jonathan Villar,Brewers,119,536,471,117,23,2,13,68,46,54,142,3,37,14,,.249,.327,.392,.719,.314,,90,1.2,-7.2,,-5.5,-5.4,0.6,10071,1,4,4,Chad Kuhl,Pirates,Pirates
Nick Markakis,Braves,123,529,465,123,24,1,8,56,50,55,81,4,2,1,,.266,.345,.376,.721,.314,,93,-0.9,-2.0,,-5.4,-7.6,0.4,5930,1,4,4,Lance Lynn,Cardinals,Braves
Kevin Pillar,Blue Jays,109,442,409,113,25,2,9,50,47,21,67,4,12,6,,.276,.316,.411,.727,.313,,93,0.8,8.3,,-2.8,10.0,2.3,12434,3,5,5,Chris Archer,Rays,Rays
Salvador Perez,Royals,100,410,385,100,19,1,16,45,54,17,74,4,1,0,,.260,.295,.443,.738,.313,,92,-2.0,5.8,,-5.9,10.4,1.9,7304,1,3,4,Danny Salazar,Indians,Royals
Justin Smoak,Blue Jays,68,272,239,54,10,1,11,31,34,28,74,2,1,1,,.227,.312,.411,.723,.313,,93,-0.9,0.4,,-3.2,-3.6,0.2,9054,2,4,4,Chris Archer,Rays,Rays
Trevor Plouffe,Athletics,100,407,367,89,18,1,14,44,49,33,86,3,1,1,,.244,.309,.414,.724,.313,,98,-1.3,-4.5,,-2.2,-4.9,0.7,7462,0,4,4,Michael Fulmer,Tigers,Athletics
Didi Gregorius,Yankees,111,448,410,109,21,1,12,49,51,26,65,5,4,3,,.266,.316,.408,.724,.312,,94,1.4,0.0,,-2.0,5.0,1.9,6012,1,4,4,Kyle Hendricks,Cubs,Cubs
Ryan Schimpf,Padres,91,375,323,68,15,2,17,41,46,42,103,5,2,1,,.209,.307,.418,.725,.312,,96,0.5,-1.0,,-1.5,0.3,1.1,9953,1,4,4,Kenta Maeda,Dodgers,Padres
Guillermo Heredia,Mariners,72,292,259,69,12,1,4,31,27,24,47,5,5,3,,.265,.337,.370,.707,.312,,98,-0.2,0.9,,-1.0,-1.8,0.7,18721,1,4,6,Yu Darvish,Rangers,Mariners
Steven Souza Jr.,Rays,107,443,393,93,17,2,15,49,50,41,137,4,7,4,,.238,.314,.404,.719,.312,,97,1.1,1.5,,-0.6,-3.2,1.2,5667,0,2,5,Francisco Liriano,Blue Jays,Rays
Andrew Toles,Dodgers,76,325,301,82,17,2,8,38,33,16,57,3,10,6,,.271,.312,.414,.727,.312,,97,0.4,2.9,,-1.0,1.8,1.1,13414,1,5,5,Jhoulys Chacin,Padres,Padres
Manny Pina,Brewers,36,143,130,34,7,0,4,14,16,10,23,1,1,0,,.263,.318,.405,.723,.312,,89,-0.1,0.3,,-2.1,2.7,0.5,2829,0,4,4,Chad Kuhl,Pirates,Pirates
Matt Wieters,Nationals,79,312,280,70,14,1,10,32,37,25,60,2,1,1,,.250,.315,.409,.724,.312,,91,-0.8,2.4,,-4.3,8.0,1.4,4298,0,4,4,Nick Pivetta,Phillies,Phillies
Stephen Vogt,Athletics,96,402,364,93,19,2,11,44,45,31,68,2,1,1,,.255,.315,.408,.723,.311,,97,-0.2,0.5,,-1.6,5.3,1.8,5000,0,4,4,Michael Fulmer,Tigers,Athletics
Kevin Kiermaier,Rays,112,486,436,110,22,4,11,57,48,39,97,4,17,8,,.253,.319,.400,.719,.311,,96,1.6,14.2,,-0.7,15.7,3.2,11038,0,2,3,Francisco Liriano,Blue Jays,Rays
Devon Travis,Blue Jays,96,409,376,100,22,1,9,48,42,24,76,2,5,3,,.267,.313,.407,.720,.311,,91,0.5,-0.3,,-3.7,1.1,1.2,13862,1,4,4,Chris Archer,Rays,Rays
Danny Valencia,Mariners,80,329,299,75,15,1,11,36,39,24,76,2,2,1,,.251,.308,.415,.722,.311,,97,-1.2,-0.9,,-2.5,-6.3,0.2,6364,1,6,6,Yu Darvish,Rangers,Mariners
Chris Coghlan,Blue Jays,57,228,199,48,12,1,5,25,24,24,50,2,3,2,,.239,.325,.391,.716,.311,,91,0.2,-0.9,,-2.1,-0.3,0.5,6878,0,3,3,Chris Archer,Rays,Rays
Ender Inciarte,Braves,118,533,484,134,23,3,7,62,42,38,69,3,18,8,,.276,.331,.382,.713,.309,,90,1.4,8.6,,-5.0,10.4,2.3,4922,3,4,4,Lance Lynn,Cardinals,Braves
Jed Lowrie,Athletics,95,393,352,91,20,1,7,42,39,34,64,3,1,1,,.259,.326,.382,.708,.309,,96,-0.8,-1.7,,-2.8,-2.1,0.9,4418,1,3,4,Michael Fulmer,Tigers,Athletics
Aaron Altherr,Phillies,74,309,274,66,15,1,9,33,34,26,80,4,8,4,,.239,.313,.400,.713,.309,,90,-0.2,1.5,,-3.9,-0.6,0.5,11270,1,4,5,Stephen Strasburg,Nationals,Phillies
Jefry Marte,Angels,46,186,168,41,8,0,6,20,23,14,41,2,2,1,,.242,.305,.408,.713,.308,,96,-0.3,0.6,,-1.2,-2.0,0.3,5107,0,2,3,Dallas Keuchel,Astros,Angels
Jean Segura,Mariners,116,519,480,131,21,3,11,62,50,25,80,6,20,9,,.273,.315,.396,.711,.308,,95,1.3,-3.2,,-2.0,1.9,1.8,5933,3,6,6,Yu Darvish,Rangers,Mariners
Jon Jay,Cubs,85,338,300,81,15,2,3,33,30,25,65,7,3,2,,.270,.339,.359,.698,.307,,89,0.3,-0.8,,-4.4,-1.2,0.5,5227,0,2,3,Michael Pineda,Yankees,Cubs
Eduardo Escobar,Twins,68,267,244,63,15,2,6,28,29,17,52,2,2,1,,.258,.310,.401,.711,.306,,88,0.3,-0.5,,-3.5,-0.5,0.5,6153,1,4,4,Eduardo Rodriguez,Red Sox,Twins
Andrelton Simmons,Angels,109,433,395,107,19,2,7,44,45,30,41,3,6,4,,.270,.323,.381,.704,.306,,94,-0.7,9.9,,-3.6,14.8,2.7,10847,1,4,4,Dallas Keuchel,Astros,Angels
Nick Franklin,Brewers,64,251,225,54,11,2,7,26,27,22,59,2,6,3,,.240,.309,.398,.707,.306,,84,0.4,-1.8,,-4.4,-2.3,0.1,10166,3,4,4,Chad Kuhl,Pirates,Pirates
Devin Mesoraco,Reds,64,257,228,52,10,1,9,26,30,22,57,4,2,1,,.227,.305,.399,.704,.305,,86,-0.4,0.4,,-4.9,5.1,0.9,5666,0,3,5,Matt Cain,Giants,Reds
Jose Iglesias,Tigers,106,405,371,103,20,1,4,44,39,23,43,5,10,5,,.278,.326,.372,.699,.305,,88,-0.3,3.3,,-6.1,8.0,1.6,10231,1,4,4,Andrew Triggs,Athletics,Athletics
Chris Owings,Diamondbacks,98,401,371,99,19,5,7,41,41,22,82,3,15,6,,.266,.309,.402,.711,.305,,82,0.7,-2.8,,-8.2,-1.5,0.3,10030,1,4,4,German Marquez,Rockies,Rockies
Eddie Rosario,Twins,87,338,317,84,16,2,9,36,40,15,73,1,6,4,,.265,.298,.418,.715,.305,,87,0.7,1.9,,-4.6,-1.7,0.5,12155,2,4,4,Eduardo Rodriguez,Red Sox,Twins
Jordy Mercer,Pirates,106,423,378,99,20,2,8,41,42,36,66,3,2,1,,.261,.327,.381,.708,.304,,89,0.3,-4.1,,-5.2,0.4,0.9,6547,0,1,3,Jimmy Nelson,Brewers,Pirates
Adonis Garcia,Braves,94,387,362,98,19,0,10,38,43,16,65,3,3,2,,.269,.305,.403,.708,.304,,87,-1.1,-2.5,,-7.5,-1.2,0.4,13777,1,3,3,Lance Lynn,Cardinals,Braves
Marwin Gonzalez,Astros,68,269,247,62,12,1,8,30,32,15,57,3,5,3,,.250,.298,.407,.705,.303,,90,-0.6,-0.7,,-3.7,-2.5,0.3,5497,1,3,4,Jesse Chavez,Angels,Angels
Eduardo Nunez,Giants,102,422,391,105,20,2,8,43,42,22,59,3,21,9,,.269,.311,.391,.703,.303,,91,0.6,-1.2,,-4.1,0.0,1.0,6848,1,3,4,Bronson Arroyo,Reds,Reds
Dansby Swanson,Braves,117,495,445,112,20,2,12,53,48,40,106,3,7,4,,.252,.316,.388,.704,.303,,86,0.5,-0.6,,-7.9,4.5,1.3,18314,0,4,4,Lance Lynn,Cardinals,Braves
T.J. Rivera,Mets,66,260,242,67,12,1,4,24,26,12,39,3,2,1,,.278,.317,.382,.698,.303,,90,0.1,0.2,,-3.1,-1.7,0.4,12495,2,4,4,Tom Koehler,Marlins,Mets
Jose Martinez,Cardinals,44,181,167,46,8,1,3,18,19,10,33,1,3,2,,.275,.317,.384,.700,.303,,87,0.0,0.2,,-2.9,-1.3,0.2,7996,2,6,6,Mike Foltynewicz,Braves,Braves
Cameron Maybin,Angels,92,379,337,86,15,2,6,39,36,35,74,2,11,5,,.255,.326,.363,.689,.303,,92,0.2,-0.3,,-3.4,-4.2,0.5,5223,2,4,5,Dallas Keuchel,Astros,Angels
Tyler Collins,Tigers,66,267,241,59,9,1,7,29,29,21,63,2,4,2,,.245,.308,.388,.696,.302,,86,0.2,-3.4,,-4.2,-4.5,0.0,12723,0,3,4,Andrew Triggs,Athletics,Athletics
Zack Cozart,Reds,101,428,388,96,19,4,10,45,42,31,73,3,4,2,,.247,.306,.395,.701,.302,,84,0.0,4.3,,-8.7,8.8,1.4,2616,2,5,6,Matt Cain,Giants,Reds
Tyler Flowers,Braves,69,270,241,58,11,0,7,25,28,21,79,5,1,0,,.242,.311,.379,.691,.302,,85,-1.1,-1.6,,-6.0,1.8,0.5,9134,0,2,4,Lance Lynn,Cardinals,Braves
Bruce Maxwell,Athletics,21,82,74,19,4,0,1,8,8,7,16,0,0,0,,.257,.318,.371,.689,.302,,91,-0.1,-0.2,,-1.0,1.3,0.3,13866,0,3,4,Michael Fulmer,Tigers,Athletics
Jose Peraza,Reds,101,437,409,116,18,3,5,46,37,18,57,4,23,11,,.284,.318,.377,.695,.301,,83,0.7,2.6,,-8.3,4.5,1.0,13593,3,4,4,Matt Cain,Giants,Reds
Ben Gamel,Mariners,31,126,113,29,6,1,2,14,12,10,27,1,3,1,,.260,.322,.370,.691,.301,,90,0.0,-0.3,,-1.5,-1.7,0.1,12160,1,6,6,Yu Darvish,Rangers,Mariners
Brandon Phillips,Braves,92,384,359,99,18,1,7,37,40,16,48,4,9,5,,.274,.311,.383,.695,.300,,84,-1.0,2.0,,-8.5,3.3,0.7,791,0,4,4,Lance Lynn,Cardinals,Braves
Jose Osuna,Pirates,35,138,127,32,7,1,3,13,15,8,24,1,2,1,,.256,.304,.393,.697,.300,,87,0.0,-0.4,,-2.3,-1.3,0.1,12937,0,4,4,Jimmy Nelson,Brewers,Pirates
Manuel Margot,Padres,108,480,443,116,19,6,7,51,38,28,72,3,20,11,,.262,.307,.382,.688,.299,,87,0.5,3.0,,-7.4,4.6,1.3,14712,0,3,4,Kenta Maeda,Dodgers,Padres
Josh Rutledge,Red Sox,1,5,5,1,0,0,0,1,1,0,1,0,0,0,,.250,.306,.380,.687,.299,,80,0.0,-0.1,,-0.1,0.0,0.0,11167,2,4,4,Phil Hughes,Twins,Twins
Dee Gordon,Marlins,118,536,494,138,18,8,3,63,37,30,85,3,39,14,,.279,.322,.363,.684,.299,,84,3.4,0.8,,-7.1,2.5,1.3,8203,0,5,6,Rafael Montero,Mets,Mets
Jason Castro,Twins,90,356,312,69,15,2,10,37,37,36,103,3,2,1,,.223,.307,.373,.680,.298,,83,-0.3,0.3,,-7.7,6.8,1.1,8722,0,4,4,Eduardo Rodriguez,Red Sox,Twins
Chris Heisey,Nationals,29,115,103,23,4,0,4,12,13,10,30,1,1,1,,.226,.299,.386,.685,.298,,82,0.1,0.5,,-2.5,0.2,0.1,3978,0,4,4,Nick Pivetta,Phillies,Phillies
Matt Davidson,White Sox,74,303,269,58,10,1,12,33,34,27,101,3,2,1,,.217,.293,.397,.690,.298,,83,0.0,0.0,,-6.2,-3.0,0.1,7226,0,3,3,Wade Miley,Orioles,Orioles
Rickie Weeks Jr.,Rays,51,207,180,39,8,1,6,22,22,20,63,4,2,1,,.216,.305,.370,.676,.297,,87,0.0,-0.2,,-3.3,-3.5,0.0,1849,0,4,4,Francisco Liriano,Blue Jays,Rays
Delino DeShields,Rangers,45,191,168,40,8,1,3,22,16,19,46,2,11,5,,.239,.320,.349,.669,.297,,79,0.9,0.6,,-3.8,-1.2,0.2,11379,2,5,6,Yovani Gallardo,Mariners,Mariners
Omar Narvaez,White Sox,72,278,247,63,11,1,3,26,25,25,38,2,1,1,,.255,.325,.345,.670,.296,,82,0.0,-1.4,,-6.0,3.9,0.8,13338,2,4,4,Wade Miley,Orioles,Orioles
Cory Spangenberg,Padres,80,332,304,79,14,3,5,31,30,21,68,3,8,4,,.259,.311,.370,.681,.296,,85,0.5,-0.2,,-5.6,1.0,0.6,12294,1,3,4,Kenta Maeda,Dodgers,Padres
Hernan Perez,Brewers,91,365,342,89,17,3,8,36,39,18,71,1,15,6,,.259,.296,.393,.689,.296,,78,0.9,-2.3,,-9.0,-2.1,0.1,5751,1,4,4,Chad Kuhl,Pirates,Pirates
Carlos Ruiz,Mariners,36,142,125,30,6,0,2,14,13,13,24,2,1,1,,.241,.323,.345,.668,.296,,87,-0.5,0.5,,-2.8,2.5,0.5,2579,0,2,3,Yu Darvish,Rangers,Mariners
Cameron Rupp,Phillies,73,287,259,59,13,1,9,27,32,22,81,3,1,1,,.229,.294,.392,.686,.295,,81,-0.7,0.5,,-7.3,6.1,0.8,11146,0,3,4,Stephen Strasburg,Nationals,Phillies
Jose Reyes,Mets,91,397,360,90,16,3,8,43,34,30,59,1,12,4,,.249,.306,.371,.677,.295,,84,0.6,-1.1,,-7.0,0.6,0.6,1736,1,4,4,Tom Koehler,Marlins,Mets
Tyler Saladino,White Sox,81,350,318,79,13,2,7,39,32,24,73,4,12,6,,.248,.306,.367,.673,.294,,81,0.2,0.8,,-7.9,1.7,0.6,10807,0,3,3,Wade Miley,Orioles,Orioles
James McCann,Tigers,77,299,272,66,12,1,8,31,33,19,72,3,1,1,,.242,.296,.382,.678,.294,,81,-0.8,4.7,,-7.7,10.3,1.3,12859,0,4,4,Andrew Triggs,Athletics,Athletics
Hunter Renfroe,Padres,111,460,431,104,20,2,17,45,55,21,110,3,3,2,,.242,.280,.411,.691,.294,,83,0.3,-2.6,,-9.1,-7.6,-0.2,15464,0,4,4,Kenta Maeda,Dodgers,Padres
Jim Adduci,Tigers,14,53,48,12,2,0,1,5,5,4,13,0,1,1,,.247,.306,.366,.672,.294,,80,0.0,0.1,,-1.3,-0.8,0.0,6448,2,4,4,Andrew Triggs,Athletics,Athletics
Leury Garcia,White Sox,67,260,240,63,10,1,4,26,25,14,55,3,12,5,,.262,.307,.369,.677,.293,,80,0.5,0.1,,-5.7,0.9,0.4,5913,2,4,4,Wade Miley,Orioles,Orioles
Rajai Davis,Athletics,108,461,420,103,20,3,9,53,42,30,95,4,27,10,,.246,.300,.374,.674,.293,,85,2.5,-3.9,,-5.9,-2.4,0.8,3708,3,5,5,Michael Fulmer,Tigers,Athletics
Daniel Robertson,Mariners,0,1,1,0,0,0,0,0,0,0,0,0,0,0,,.259,.317,.349,.666,.293,,85,0.0,0.0,,0.0,0.0,0.0,6266,1,4,4,Francisco Liriano,Blue Jays,Rays
Dustin Garneau,Rockies,24,94,86,20,4,0,3,9,10,6,21,1,1,0,,.233,.293,.384,.677,.293,,62,0.0,0.3,,-4.4,1.9,0.0,9433,1,4,4,Zack Greinke,D-backs,Rockies
Jarrod Dyson,Mariners,97,397,357,92,15,3,3,45,32,29,60,5,32,10,,.257,.319,.344,.663,.292,,84,3.6,5.4,,-3.9,3.9,1.4,4866,0,4,5,Yu Darvish,Rangers,Mariners
Keon Broxton,Brewers,99,407,357,78,15,4,10,42,39,42,137,2,23,11,,.217,.301,.365,.666,.291,,75,0.6,3.1,,-12.0,4.3,0.5,9253,1,4,4,Chad Kuhl,Pirates,Pirates
Tim Anderson,White Sox,120,534,503,133,23,4,10,58,49,19,131,4,16,8,,.264,.294,.380,.674,.291,,79,-0.3,0.7,,-14.1,6.1,1.0,15172,2,5,5,Wade Miley,Orioles,Orioles
Orlando Arcia,Brewers,112,438,402,100,20,4,9,41,43,26,82,2,12,7,,.249,.296,.382,.678,.291,,75,0.1,-0.7,,-13.5,4.1,0.5,13185,0,4,4,Chad Kuhl,Pirates,Pirates
Daniel Robertson,Rays,37,145,128,30,5,1,2,13,13,13,31,2,1,1,,.237,.315,.336,.652,.290,,82,0.0,0.0,,-3.1,0.2,0.2,14145,1,4,4,Francisco Liriano,Blue Jays,Rays
Derek Norris,Rays,70,276,245,55,12,0,7,28,28,25,70,2,3,2,,.224,.298,.367,.666,.289,,81,-0.1,-1.0,,-6.3,4.1,0.7,6867,1,3,4,Francisco Liriano,Blue Jays,Rays
Freddy Galvis,Phillies,105,418,388,95,17,3,11,39,44,21,82,3,8,4,,.244,.286,.389,.675,.289,,77,0.3,1.6,,-11.5,6.4,0.8,6609,0,2,4,Stephen Strasburg,Nationals,Phillies
Alen Hanson,Pirates,53,211,195,49,8,3,3,20,21,12,37,1,12,7,,.253,.298,.369,.667,.288,,79,-0.1,-0.9,,-5.6,-0.6,0.0,12926,0,3,3,Jimmy Nelson,Brewers,Pirates
Michael Taylor,Nationals,94,378,342,80,15,2,9,38,39,28,115,2,14,6,,.234,.295,.369,.664,.287,,75,0.2,2.7,,-11.5,3.4,0.4,11489,1,5,5,Nick Pivetta,Phillies,Phillies
J.J. Hardy,Orioles,99,382,353,87,17,0,9,39,40,21,70,2,1,1,,.247,.291,.373,.663,.287,,75,-1.2,2.5,,-12.8,7.1,0.8,3797,0,4,4,Miguel Gonzalez,White Sox,Orioles
Adam Rosales,Athletics,66,262,235,52,10,1,7,27,27,22,76,2,4,2,,.223,.293,.367,.660,.287,,81,-0.1,-0.7,,-6.2,1.7,0.4,9682,2,4,4,Michael Fulmer,Tigers,Athletics
Martin Maldonado,Angels,71,268,233,53,10,0,6,28,26,27,67,4,2,1,,.225,.312,.348,.660,.287,,81,-0.3,1.8,,-6.4,6.8,1.0,6887,2,4,4,Dallas Keuchel,Astros,Angels
Roberto Perez,Indians,50,190,166,36,8,1,4,20,19,19,50,1,2,1,,.218,.302,.346,.648,.286,,75,-0.3,2.1,,-6.1,5.6,0.6,2900,0,2,3,Jason Hammel,Royals,Royals
Willy Garcia,White Sox,0,1,1,0,0,0,0,0,0,0,0,0,0,0,,.235,.284,.380,.663,.286,,75,0.0,0.0,,0.0,0.0,0.0,12956,1,4,4,Wade Miley,Orioles,Orioles
Jose Martinez,,0,1,1,0,0,0,0,0,0,0,0,0,0,0,,.254,.299,.357,.655,.286,,-100,0.0,0.0,,0.0,0.0,,sa291098,2,6,6,Mike Foltynewicz,Braves,Braves
Gorkys Hernandez,Giants,46,183,165,41,7,1,2,17,15,14,39,1,5,3,,.248,.309,.340,.649,.286,,79,-0.1,-0.2,,-4.8,-0.4,0.1,4146,1,4,4,Bronson Arroyo,Reds,Reds
Christian Vazquez,Red Sox,69,260,239,60,12,1,3,26,25,15,56,3,3,2,,.251,.301,.355,.656,.285,,70,-0.5,0.8,,-9.8,5.6,0.5,9774,0,3,3,Phil Hughes,Twins,Twins
Tim Beckham,Rays,70,273,250,58,10,3,7,27,28,17,83,2,3,2,,.231,.282,.376,.659,.285,,78,0.0,-0.7,,-7.2,2.4,0.5,7949,1,5,5,Francisco Liriano,Blue Jays,Rays
Miguel Rojas,Marlins,36,141,130,34,7,0,1,13,12,9,18,1,2,1,,.258,.308,.347,.654,.284,,74,-0.1,0.6,,-4.6,1.5,0.1,7802,3,5,5,Rafael Montero,Mets,Mets
Ben Revere,Angels,43,184,171,46,6,2,1,19,15,8,19,1,8,3,,.271,.307,.341,.648,.284,,79,0.8,-0.4,,-3.8,-1.9,0.1,4712,0,4,4,Dallas Keuchel,Astros,Angels
Whit Merrifield,Royals,92,384,359,91,18,2,6,39,35,17,70,2,17,8,,.254,.291,.366,.656,.284,,72,0.9,0.7,,-12.1,0.6,0.2,11281,1,4,4,Danny Salazar,Indians,Royals
Andrew Romine,Tigers,74,288,261,65,11,1,3,28,26,19,62,3,9,5,,.248,.305,.335,.640,.283,,73,0.1,0.7,,-9.3,0.5,0.1,1159,2,5,5,Andrew Triggs,Athletics,Athletics
Billy Hamilton,Reds,109,486,441,108,18,3,6,56,34,35,96,2,50,15,,.244,.301,.339,.640,.282,,70,6.0,9.3,,-11.9,11.0,1.5,10199,3,4,6,Matt Cain,Giants,Reds
Erick Aybar,Padres,76,308,282,70,14,1,3,26,25,19,42,3,5,3,,.250,.302,.345,.647,.281,,75,0.1,-3.0,,-9.5,0.2,0.0,4082,1,4,4,Kenta Maeda,Dodgers,Padres
Christian Arroyo,Giants,78,324,304,77,16,1,4,29,31,14,56,3,2,1,,.255,.292,.355,.647,.281,,76,0.0,1.4,,-9.7,2.6,0.3,16434,1,4,4,Bronson Arroyo,Reds,Reds
Jorge Bonifacio,Royals,14,53,49,12,2,0,1,5,5,3,13,0,1,0,,.238,.285,.359,.644,.280,,69,0.0,-0.2,,-2.0,-0.7,-0.1,12174,2,4,4,Danny Salazar,Indians,Royals
Peter Bourjos,Rays,20,80,72,17,3,1,1,8,7,5,20,1,2,1,,.231,.289,.355,.644,.279,,74,0.1,0.1,,-2.3,-0.2,0.0,2578,0,4,4,Francisco Liriano,Blue Jays,Rays
Alcides Escobar,Royals,123,510,475,122,22,3,4,49,41,22,74,5,11,4,,.257,.294,.343,.637,.278,,68,1.2,1.2,,-18.6,6.9,0.6,6310,1,4,4,Danny Salazar,Indians,Royals
Caleb Joseph,Orioles,37,139,128,29,5,0,4,14,14,8,31,1,1,1,,.228,.279,.358,.638,.277,,68,-0.2,1.0,,-5.6,3.5,0.3,7087,0,4,4,Miguel Gonzalez,White Sox,Orioles
Ryan Goins,Blue Jays,31,117,107,25,5,1,2,11,11,7,26,1,1,1,,.238,.289,.343,.632,.276,,68,-0.1,-0.3,,-4.5,0.7,0.0,9807,0,3,4,Chris Archer,Rays,Rays
Danny Espinosa,Angels,108,421,373,77,15,1,12,41,43,33,131,9,5,2,,.207,.286,.347,.633,.273,,72,0.9,3.4,,-13.4,4.9,0.6,9219,0,3,3,Dallas Keuchel,Astros,Angels
Rene Rivera,Mets,27,104,95,21,4,0,3,9,10,6,27,1,0,0,,.224,.279,.351,.629,.272,,69,-0.3,0.8,,-4.2,2.3,0.1,3648,2,4,4,Tom Koehler,Marlins,Mets
Jeff Mathis,Diamondbacks,36,138,127,26,5,1,3,11,13,8,40,1,1,0,,.208,.256,.336,.592,.256,,49,-0.1,0.8,,-8.7,3.2,-0.1,3448,1,4,4,German Marquez,Rockies,Rockies
Jose Martinez,,0,1,1,0,0,0,0,0,0,0,0,0,0,0,,.185,.231,.283,.514,.226,,-100,0.0,0.0,,-0.1,0.0,,sa541954,2,6,6,Mike Foltynewicz,Braves,Braves
Jose Martinez,,0,1,1,0,0,0,0,0,0,0,0,0,0,0,,.195,.234,.246,.480,.214,,27,0.0,0.0,,-0.1,0.0,0.0,sa736960,2,6,6,Mike Foltynewicz,Braves,Braves
Christian Vazquez,,0,1,1,0,0,0,0,0,0,0,0,0,0,0,,.176,.206,.228,.434,.192,,10,0.0,0.0,,-0.1,0.0,0.0,sa738233,0,3,3,Phil Hughes,Twins,Twins
